{"type":"FeatureCollection","features":[{"type":"Feature","geometry":{"type":"Polygon","coordinates":[[[-95.25297121515081,38.95135988886304],[-95.25299152991904,38.95134383995669],[-95.25299277262823,38.95134479856417],[-95.25299380259723,38.95134398483012],[-95.25299255988811,38.95134302622269],[-95.25300020783115,38.95133698448272],[-95.25300687620317,38.95134213166258],[-95.25300754656526,38.95134160230566],[-95.25301088017511,38.95134417588178],[-95.2530110718768,38.9513440245122],[-95.25304043962443,38.95132082349419],[-95.25307055327104,38.951344065805955],[-95.2531289749214,38.9512977491238],[-95.25309487545796,38.95127143113934],[-95.25309034360377,38.95127501157296],[-95.25308443048017,38.95127044736002],[-95.25308736442695,38.95126812863176],[-95.2530884849825,38.95126899332029],[-95.25308951494938,38.9512681795854],[-95.25308839439376,38.951267314896874],[-95.25310873646973,38.9512512449888],[-95.2530996050782,38.95124419825612],[-95.25310027540361,38.95124366979908],[-95.25308443644207,38.95123144522137],[-95.25308376726967,38.95123197370564],[-95.253070846193,38.9512220019276],[-95.25307151540038,38.95122147254298],[-95.25304817436123,38.95120345828406],[-95.25304750515384,38.95120398766851],[-95.25303458412239,38.95119401498601],[-95.2530352532948,38.95119348650197],[-95.2530194155088,38.95118126194271],[-95.25301874518331,38.95118179039927],[-95.25300961496282,38.95117474368679],[-95.25298929905918,38.951190793469586],[-95.25298819643069,38.951189942723154],[-95.25298716646384,38.95119075645712],[-95.25298826909234,38.9511916072036],[-95.25298530897264,38.95119394603735],[-95.25297981155387,38.95118970349226],[-95.25298969920043,38.95118189254668],[-95.25292994042965,38.95113577134798],[-95.25293060963722,38.95113524196425],[-95.25292956752781,38.951134437712426],[-95.25292889832019,38.951134967096216],[-95.25288322264277,38.95109971488195],[-95.25288288879624,38.95105496659324],[-95.25288384114656,38.95105496212288],[-95.25288383250823,38.9510538182646],[-95.25288288015791,38.95105382273498],[-95.25288214432835,38.950955358262014],[-95.25286807964915,38.95095542243145],[-95.25286803784881,38.95094984556627],[-95.25287225701109,38.95094982658025],[-95.25287226100262,38.95095031784209],[-95.25287372588329,38.95095031109696],[-95.25287372189179,38.95094981983516],[-95.2529032006797,38.950949685617],[-95.25290238014028,38.950839946623326],[-95.25287290255118,38.950840080868616],[-95.25287289679298,38.95083930838293],[-95.2528714319146,38.950839315128064],[-95.25287143767281,38.95084008761373],[-95.25286018620639,38.950840138233524],[-95.25285984408441,38.950794296562215],[-95.25286079639619,38.95079429299251],[-95.25286078779325,38.95079314823376],[-95.25285983544651,38.950793152703916],[-95.2528595298165,38.950752192928014],[-95.25291904825747,38.95075192156305],[-95.25291905398278,38.950752665208775],[-95.25292051885931,38.95075265846306],[-95.252920513134,38.95075191481738],[-95.25295106075228,38.95075177617476],[-95.25295118346088,38.95076824985731],[-95.25296402104179,38.950768190849246],[-95.25296400508434,38.95076601761939],[-95.25300151002615,38.950765846447844],[-95.25300152710291,38.950768020605395],[-95.25302518788845,38.950767912525784],[-95.25302519128772,38.950768389354],[-95.25302665616462,38.950768382606945],[-95.2530266527653,38.950767905778754],[-95.25310466738985,38.95076755076234],[-95.25310465146303,38.95076537663214],[-95.25316208282374,38.9507651151725],[-95.2531620987523,38.95076728930272],[-95.25317589559778,38.95076722596248],[-95.253175900766,38.950767984014476],[-95.25317736679594,38.95076797729282],[-95.2531773604746,38.95076721921351],[-95.25322533539155,38.95076700043279],[-95.25322495227765,38.95071579190784],[-95.25322270012246,38.950715802535285],[-95.25322263104233,38.950706649868025],[-95.25326478848815,38.95070641490581],[-95.25326477252146,38.950704241675986],[-95.25331165423337,38.950704027601724],[-95.25331167075987,38.95070621616556],[-95.25332807989585,38.95070614079716],[-95.25332806333392,38.95070395313373],[-95.25337494501052,38.95070373993423],[-95.25337496157391,38.950705927597696],[-95.2533914341645,38.950705852822416],[-95.25339141878867,38.950703664285896],[-95.25340782670233,38.95070356093934],[-95.25340784330037,38.95070577744275],[-95.25344299563086,38.950705617083884],[-95.25344314568348,38.950725637728056],[-95.25344255582661,38.95072563997596],[-95.25344249531959,38.95072687051587],[-95.2534431544666,38.95072686720585],[-95.25344320912988,38.950734074689024],[-95.2534437943745,38.95073407233189],[-95.25344394578484,38.950754206562365],[-95.25344335938696,38.95075420889223],[-95.25344340647088,38.950760601489215],[-95.25342934183088,38.95076066572674],[-95.25342966835147,38.95080430442633],[-95.25342853360685,38.95080430998736],[-95.25342854110083,38.95080545381836],[-95.25342967699858,38.95080544828465],[-95.25343036100928,38.95089700813282],[-95.25342922626314,38.9508970136939],[-95.25342923491027,38.950898157552125],[-95.25343036965643,38.95089815199111],[-95.2534306961783,38.95094179069022],[-95.25345179317483,38.950941694783246],[-95.25345224343997,38.95100190271503],[-95.2534516512396,38.9510019058087],[-95.25345165988709,38.951003049667],[-95.25345225205244,38.951003047473655],[-95.25345253253633,38.95104062344799],[-95.25331880833012,38.95104123240141],[-95.25331868438228,38.95102475869231],[-95.25326364114605,38.951025010123836],[-95.25326363833993,38.95102451798896],[-95.25326217230466,38.951024524711684],[-95.25326217629889,38.951025015973464],[-95.253199244195,38.951025303071944],[-95.25319973641614,38.951091197826784],[-95.25316386125287,38.95109136171849],[-95.25316386291277,38.95109170512427],[-95.25314392022291,38.951091795885056],[-95.25314420165692,38.951129462008666],[-95.25316414435736,38.9511293712478],[-95.25316414418843,38.95112925678832],[-95.25320060577185,38.951129090567925],[-95.2532009752274,38.95117851164049],[-95.25321308098147,38.951178456893544],[-95.25321308555682,38.9511792005119],[-95.25322246242348,38.95117915771364],[-95.25322245669494,38.951178414067996],[-95.25324882802045,38.951178294456106],[-95.25324883378427,38.95117903720136],[-95.25327110368956,38.95117893576918],[-95.25327109796049,38.951178192123514],[-95.25328440426144,38.95117813156607],[-95.25328441432906,38.951179476431],[-95.25328587921446,38.95117946968066],[-95.2532858691468,38.95117812481571],[-95.25329820115196,38.95117806911168],[-95.25329820688131,38.95117881275735],[-95.2533204767865,38.95117871131563],[-95.25332047105694,38.95117796766996],[-95.2533544611975,38.95117781224226],[-95.25335446577431,38.95117855586062],[-95.25337673567934,38.95117845440815],[-95.25337672994918,38.95117771076246],[-95.25340310127419,38.95117759111552],[-95.25340310700462,38.95117833476118],[-95.25341248387105,38.95117829194757],[-95.25341247814049,38.95117754830189],[-95.25342070757215,38.951177510748],[-95.25342071767737,38.951178854712545],[-95.25342218256273,38.95117884796049],[-95.25342217245748,38.951177503995964],[-95.25343123072003,38.95117746264511],[-95.25343123645078,38.9511782062908],[-95.25344061331721,38.95117816347491],[-95.25344060758638,38.95117741982924],[-95.2534669789111,38.95117730016778],[-95.25346698464222,38.95117804381345],[-95.25348925339385,38.95117794231197],[-95.25348924766251,38.95117719866635],[-95.25350911881416,38.9511771079533],[-95.25350891671681,38.95115010880066],[-95.25351069325157,38.951150101319456],[-95.25351067615914,38.95114792716205],[-95.25353646163136,38.95114779540862],[-95.25353647819988,38.951149983072],[-95.2535377422015,38.95114997786817],[-95.25353782448317,38.95116096033153],[-95.25358694133506,38.95116073600305],[-95.253586854873,38.951149296520256],[-95.25359806948917,38.95114924495584],[-95.25359807959774,38.951150588920385],[-95.25359954448246,38.95115058216609],[-95.25359953437385,38.951149238201566],[-95.25362846377637,38.95114910610336],[-95.25362838811247,38.95113908179831],[-95.2536293404639,38.95113907732185],[-95.25362921043873,38.95112168872852],[-95.25362825808755,38.95112169320498],[-95.25362815252132,38.95110750724013],[-95.25362910487226,38.95110750276366],[-95.25362891283706,38.95108187731594],[-95.25362796048648,38.95108188179241],[-95.25362785492035,38.95106769582752],[-95.25362880727077,38.95106769135104],[-95.25362867724586,38.95105030275765],[-95.25362772489562,38.95105030723413],[-95.253627649267,38.95104028202859],[-95.25359872106208,38.95104041415388],[-95.25359871095347,38.951039070189346],[-95.25359724607105,38.95103907694362],[-95.2535972561796,38.95104042090817],[-95.25358604158075,38.95104047247255],[-95.2535859103123,38.95102299733178],[-95.25359712487345,38.951022946667855],[-95.25359713498197,38.9510242906324],[-95.25359859986408,38.95102428387813],[-95.25359858975553,38.95102293991358],[-95.25362751910636,38.95102280781568],[-95.25362744459586,38.95101278353779],[-95.25362839694553,38.951012779061315],[-95.25362826580273,38.950995389540154],[-95.25362731460638,38.95099539404396],[-95.25362720785242,38.950981208952015],[-95.25362816020166,38.95098120447554],[-95.25362796820218,38.950955578127186],[-95.25362701585324,38.95095558260365],[-95.25362691028751,38.95094139663856],[-95.25362786260123,38.95094139306252],[-95.25362773261178,38.950924003568524],[-95.25362678026326,38.950924008045],[-95.25362670575298,38.95091398376709],[-95.25359777644665,38.95091411586481],[-95.25359776752619,38.95091277102721],[-95.25359630149327,38.95091277775411],[-95.2535963115668,38.9509141226191],[-95.25358509702295,38.950914173282946],[-95.25358496687306,38.95089669906977],[-95.25359618029607,38.95089664747823],[-95.2535961904046,38.950897991442794],[-95.25359765528405,38.950897984688524],[-95.25359764632861,38.95089664075129],[-95.25362657447471,38.95089650862626],[-95.25362649996448,38.9508864843483],[-95.25362745231244,38.950886479871855],[-95.25362732228822,38.950869091278165],[-95.25362636994048,38.95086909575461],[-95.25362626322189,38.95085490976216],[-95.25362721556944,38.950854905285695],[-95.25362702468871,38.95082927986477],[-95.25362607234153,38.950829284341246],[-95.25362596562306,38.95081509834873],[-95.25362691797007,38.950815093872265],[-95.2536267879461,38.950797705278525],[-95.25362583563424,38.95079770885455],[-95.25362576112423,38.95078768457655],[-95.25359683302266,38.95078781670138],[-95.25359682291416,38.95078647273681],[-95.25359535688386,38.95078647946374],[-95.25359536699233,38.95078782342831],[-95.25358415243355,38.95078787499249],[-95.25358364742013,38.95072033971517],[-95.25358474638274,38.95072033420626],[-95.25358473773316,38.950719190347975],[-95.25358363880551,38.95071919495653],[-95.2535835703097,38.950709996342],[-95.2536040808394,38.95070990273792],[-95.25360402734648,38.95070272412202],[-95.25360360601532,38.95070272585689],[-95.25360327800303,38.95065879602925],[-95.25360369933395,38.95065879429439],[-95.2536035059878,38.95063302461855],[-95.25361534385263,38.95063297069553],[-95.25361535392648,38.95063431556051],[-95.2536168188005,38.95063430880598],[-95.25361680869162,38.95063296484138],[-95.25364570094922,38.9506328327652],[-95.25364562528344,38.950622808459755],[-95.25364657762786,38.95062280398314],[-95.2536464475994,38.950605415389084],[-95.2536454952902,38.95060541896534],[-95.25364538968626,38.9505912339003],[-95.25364634203022,38.95059122942369],[-95.25364615002525,38.95056560307454],[-95.25364519768154,38.950565607551155],[-95.25364509211275,38.95055142158567],[-95.2536460444212,38.95055141800945],[-95.25364591442799,38.95053402851492],[-95.25364496208478,38.95053403299155],[-95.25364488641922,38.950524008685996],[-95.25361595842554,38.950524140815595],[-95.25361594835171,38.95052279595062],[-95.25361448347995,38.95052280270513],[-95.25361449355375,38.950524147570114],[-95.2536032790718,38.95052419823571],[-95.25360314776505,38.95050672399471],[-95.25361439921295,38.95050667240244],[-95.25361440932173,38.95050801636704],[-95.25361587419313,38.95050800961255],[-95.25361586408432,38.95050666564793],[-95.2536447562903,38.95050653357194],[-95.2536446806248,38.9504965092664],[-95.2536456329675,38.95049650478978],[-95.2536455029395,38.95047911619562],[-95.25364455059704,38.95047912067222],[-95.25364444502846,38.95046493470661],[-95.25364539737075,38.95046493022999],[-95.25364520533144,38.950439304781014],[-95.25364425298943,38.95043930925762],[-95.25364414742103,38.95042512329195],[-95.25364509976276,38.95042511881536],[-95.25364496973505,38.95040773022106],[-95.25364401739354,38.95040773469766],[-95.25364394176322,38.950397709491675],[-95.25361501382122,38.95039784162099],[-95.25361500371243,38.950396497656385],[-95.25361353884328,38.95039650441088],[-95.25361354895203,38.9503978483755],[-95.25360233445511,38.95039789994141],[-95.2536022327452,38.95038435754093],[-95.25360164750349,38.950384359898884],[-95.25360148292208,38.950362394970846],[-95.25360206931673,38.95036239264018],[-95.25360204274013,38.95035891779163],[-95.25362313959748,38.95035882095312],[-95.25362285343418,38.950320467989485],[-95.25360820245265,38.950320535479854],[-95.25360813641542,38.95031177852317],[-95.25360985869936,38.950311770657024],[-95.2536098500494,38.95031062679872],[-95.25360812776546,38.95031063466489],[-95.25360810939166,38.95030813693757],[-95.25360906173184,38.95030813246125],[-95.25360900688233,38.95030081051843],[-95.25360805454224,38.95030081499473],[-95.2536079597506,38.95028804510712],[-95.2535951222574,38.95028810418641],[-95.25359511652502,38.950287360540734],[-95.253572846901,38.95028746203517],[-95.25357285263314,38.950288205680906],[-95.2535546855655,38.95028828810247],[-95.25355468098662,38.95028754448408],[-95.25352186294431,38.95028769438226],[-95.25352186867593,38.95028843802798],[-95.25350370160814,38.95028852044155],[-95.2535036958767,38.950287776795854],[-95.25348142740549,38.95028787830007],[-95.25348143313667,38.950288621945774],[-95.25346859564327,38.950288681011095],[-95.25346876357995,38.950311241729075],[-95.25346704244903,38.95031124962044],[-95.2534670510967,38.950312393478804],[-95.25346877222766,38.95031238558744],[-95.25346883831627,38.9503211704837],[-95.25344645903385,38.950321272059995],[-95.25344639413467,38.95031251603091],[-95.25344811526563,38.95031250813985],[-95.2534481066533,38.9503113633811],[-95.25344638552237,38.950311371272235],[-95.25344621637113,38.950288782587315],[-95.25343337891265,38.950288840748314],[-95.25343337318198,38.95028809710262],[-95.25341110471048,38.95028819859329],[-95.25341111044094,38.950288942239006],[-95.25339294333793,38.95028902553564],[-95.25339293760767,38.95028828188995],[-95.25336012071777,38.95028843176967],[-95.2533601252946,38.9502891753881],[-95.25334195937954,38.950289257803654],[-95.25334195364981,38.95028851415795],[-95.25331968402502,38.95028861560377],[-95.2533196897545,38.95028935924952],[-95.25330685229582,38.95028941739652],[-95.25330702129902,38.95031197904243],[-95.25330530016808,38.95031198693141],[-95.25330530766001,38.95031313076246],[-95.25330702994412,38.950313122900766],[-95.25330709485952,38.95032190776986],[-95.25328471672968,38.9503220093422],[-95.25328465066396,38.95031322444582],[-95.25328637179494,38.950313216557106],[-95.25328636315025,38.95031207269878],[-95.2532846420193,38.95031208058746],[-95.25328447414128,38.95028951986922],[-95.25323119995394,38.95028976271597],[-95.25323119422538,38.95028901907025],[-95.25319837736981,38.9502891680038],[-95.25319838309802,38.95028991164951],[-95.25318021599448,38.95028999491283],[-95.25318021026645,38.95028925126712],[-95.2531579417943,38.95028935270921],[-95.25315794752208,38.95029009635497],[-95.25314511006314,38.95029015448405],[-95.25314527789662,38.95031271520251],[-95.25314355676562,38.9503127230891],[-95.25314356537307,38.950313867847846],[-95.2531452865041,38.95031385996123],[-95.25314535255251,38.950322644857756],[-95.25313070160507,38.9503227113874],[-95.25313098865448,38.95036106437956],[-95.25313802095242,38.95036103182892],[-95.25313803171235,38.950362447907146],[-95.25314081483312,38.95036243544248],[-95.25314097927138,38.95038440037112],[-95.25313819499668,38.9503844128085],[-95.2531382265494,38.95038853124971],[-95.25313863582859,38.95044340117069],[-95.25318045784786,38.95044321056643],[-95.2531804637783,38.95044409751161],[-95.25318192864849,38.95044409076262],[-95.25318192271794,38.95044320381745],[-95.25329974928262,38.950442667211334],[-95.25329975640268,38.95044355328341],[-95.25330122127276,38.95044354653285],[-95.2533012141527,38.9504426604608],[-95.2534198187673,38.95044211963571],[-95.25341972890321,38.95043005552257],[-95.2534203580324,38.95043005240281],[-95.25342034938546,38.950428908544446],[-95.25341972025629,38.95042891166422],[-95.25341969595007,38.95042564595325],[-95.25346903158696,38.950425421462704],[-95.25346915316729,38.950441689636385],[-95.25346805424398,38.950441694243864],[-95.25346806289164,38.95044283810219],[-95.253469161815,38.95044283349475],[-95.253469319092,38.950463945692725],[-95.25344822223802,38.950464041602864],[-95.25344873351301,38.950532362901036],[-95.25344810438298,38.95053236602094],[-95.25344811303032,38.95053350987927],[-95.25344874216043,38.95053350675938],[-95.25344955387946,38.95064218748571],[-95.25344892474844,38.950642190605656],[-95.25344893339586,38.95064333446398],[-95.2534495625269,38.950643331344054],[-95.25344974126375,38.95066721801814],[-95.25337930850833,38.95066753929847],[-95.2533792673297,38.95066200480659],[-95.2533790837792,38.95066200586538],[-95.25337908165925,38.95066176338585],[-95.25337717700432,38.95066177143432],[-95.25337717769837,38.950661872387826],[-95.25337596912354,38.95066187710038],[-95.25337584353572,38.95064508882507],[-95.25337635721833,38.95064508657532],[-95.253376353082,38.950644628655404],[-95.2533791373669,38.950644616212294],[-95.25337910344365,38.950640083152365],[-95.25337263794759,38.950640112023315],[-95.25337265503566,38.95064228618084],[-95.25335098896059,38.95064232713264],[-95.25335089199442,38.95062922824574],[-95.25333213840706,38.950629313862194],[-95.25333214254313,38.950629771782104],[-95.25329698102537,38.950629931888784],[-95.25329697688952,38.95062947396891],[-95.25328525674466,38.9506295279448],[-95.25328525976236,38.95062998493695],[-95.2532500982094,38.950630145929836],[-95.25325009522697,38.95062968803723],[-95.25323884145311,38.950629739539565],[-95.25323883253068,38.950628573144044],[-95.25323736765671,38.95062857989379],[-95.25323737657911,38.95062974628929],[-95.2532243093498,38.95062980529339],[-95.2532241865778,38.95061333161094],[-95.25318324408805,38.95061351783774],[-95.25318324068773,38.95061304100962],[-95.25318177581406,38.95061304775859],[-95.25318177921442,38.95061352458678],[-95.2531610966926,38.95061361944789],[-95.25316111672412,38.950616192917636],[-95.25313884699585,38.95061629432878],[-95.25313882811827,38.95061372088631],[-95.25300910914031,38.950614311707966],[-95.25300910462302,38.950613833952076],[-95.25300763974933,38.95061384069892],[-95.25300764311352,38.950614318427505],[-95.25297224958783,38.95061447924677],[-95.25297226554551,38.95061665247665],[-95.25297168026688,38.95061665573185],[-95.25297168318072,38.950617055944456],[-95.2529634780638,38.95061709313987],[-95.25296347515001,38.95061669292726],[-95.25296288990637,38.95061669528197],[-95.25296287279592,38.95061452202478],[-95.25295003527785,38.95061458013231],[-95.25295015913912,38.95063105384236],[-95.25294424307182,38.9506310812886],[-95.2529442590287,38.95063325451843],[-95.25293488338734,38.95063329732151],[-95.2529348674308,38.95063112409165],[-95.2529283592012,38.95063115372773],[-95.25292835587095,38.95063070483913],[-95.25292689099689,38.95063071158491],[-95.25292689432719,38.95063116047355],[-95.25290849515568,38.95063124360477],[-95.25290851222955,38.95063341776237],[-95.25288624249549,38.95063351912498],[-95.25288622657546,38.95063134499474],[-95.25286615472963,38.95063143624915],[-95.25286617180214,38.95063361040677],[-95.25284390206801,38.95063371176125],[-95.25284388614928,38.950631537630954],[-95.25281751499199,38.95063165805112],[-95.2528175309099,38.9506338321814],[-95.25280815415034,38.9506338740465],[-95.2528081381977,38.950631700816636],[-95.25279252331043,38.950631771500056],[-95.25279251994604,38.95063132351184],[-95.25279105507195,38.95063133025596],[-95.25279105843636,38.95063177824415],[-95.25278923918036,38.950631786504104],[-95.25278437058714,38.950632123550406],[-95.25273256101404,38.950632359424105],[-95.25273289389867,38.95067695178251],[-95.252626493859,38.95067743596776],[-95.2526265431946,38.95068409538268],[-95.2526109582758,38.95068416675213],[-95.2526109190997,38.95067887924143],[-95.25253810488914,38.95067921116754],[-95.25253814524791,38.950684497805156],[-95.25252305440947,38.950684566452196],[-95.25252297377477,38.95067381293394],[-95.25249605452687,38.9506740780067],[-95.2524961351574,38.95068483152488],[-95.25247320510682,38.95068493608552],[-95.25244990052136,38.950703347349595],[-95.25244730986502,38.95070134741901],[-95.25244499678095,38.950702925619154],[-95.25239666258453,38.95070333202813],[-95.25239659608528,38.950694293874534],[-95.25232438558653,38.950694622851366],[-95.25232447835667,38.95070696371436],[-95.25232326282749,38.95070696915233],[-95.2523232714567,38.95070811301076],[-95.25232448698587,38.95070810757271],[-95.25232492280885,38.9507665244575],[-95.25232550805377,38.950766522105965],[-95.25232610390151,38.95084641715959],[-95.25232522545663,38.95084642067322],[-95.2523252340859,38.950847564531585],[-95.2523261125308,38.95084756101795],[-95.25232619164744,38.950858085589886],[-95.25230811559592,38.95085816817434],[-95.25230811113138,38.950857481335504],[-95.25230664625256,38.95085748807345],[-95.25230665071713,38.95085817491232],[-95.25218622155694,38.950858721839694],[-95.25218621705856,38.95085803590124],[-95.25218475217976,38.95085804263768],[-95.25218475667806,38.95085872857613],[-95.25216679146268,38.950858810160675],[-95.25216680940837,38.95086119883094],[-95.25216709332945,38.95089935169019],[-95.2521671113102,38.95090173946007],[-95.25220461744408,38.950901569473956],[-95.25220461228625,38.950900811421924],[-95.25222688095232,38.95090071016284],[-95.25222687807774,38.950900309049835],[-95.25228899738983,38.950900026649734],[-95.2522890054585,38.95090118491439],[-95.25232643887716,38.95090101496796],[-95.25232648721583,38.95090752115172],[-95.25243182557203,38.950907042713844],[-95.25243129237015,38.95083559902892],[-95.25243153975904,38.95083561841031],[-95.2525225624633,38.950763710235115],[-95.25252412496752,38.95076371572154],[-95.25262032184091,38.95076327732529],[-95.2526205992866,38.95080041524584],[-95.2526286936236,38.95080037815261],[-95.2526283310535,38.95075182961549],[-95.25262847767046,38.95075182858392],[-95.25262847191495,38.950751056098206],[-95.2526772583173,38.95075083424425],[-95.2526772640734,38.95075160672992],[-95.25270711564589,38.95075147058282],[-95.25270713128393,38.950753592435554],[-95.2527085961605,38.95075358569252],[-95.25270858052245,38.950751463839794],[-95.2527125364893,38.95075144583273],[-95.25271258836729,38.950758396403074],[-95.2527124417853,38.950758396534425],[-95.2527127669254,38.95080194058525],[-95.25275027171864,38.950801655035455],[-95.25275043484854,38.95082362083697],[-95.25274765170956,38.95082363329231],[-95.25274774114963,38.95083561628807],[-95.25273650348583,38.950835668124164],[-95.2527364964078,38.95083478115168],[-95.25273503152954,38.95083478789508],[-95.25273503864256,38.95083567396717],[-95.25270613358146,38.95083580641627],[-95.2527062484607,38.95085132191332],[-95.25270529611315,38.950851326382235],[-95.25270542591062,38.950868714976934],[-95.25270637825841,38.95086871050803],[-95.25270648479245,38.95088289650133],[-95.25270553244448,38.95088290097022],[-95.25270572414446,38.95090852641987],[-95.2527066764928,38.950908521950986],[-95.2527067818739,38.95092270791693],[-95.25270582952538,38.95092271238583],[-95.25270595932314,38.950940100980446],[-95.25270691167192,38.95094009651155],[-95.25270698605182,38.95095012079001],[-95.25274859480534,38.95094993158922],[-95.25274872471365,38.95096740670364],[-95.25273748706391,38.95096745763946],[-95.25273748110398,38.95096657159469],[-95.25273601510487,38.95096657741038],[-95.25273602218293,38.95096746438286],[-95.25270711710293,38.95096759593181],[-95.2527071914829,38.95097762021029],[-95.25270623913366,38.9509776246792],[-95.2527063689316,38.95099501327373],[-95.25270732124606,38.95099500970522],[-95.25270742781551,38.951009194798],[-95.25270647546584,38.95100919926692],[-95.25270666597844,38.951034825589346],[-95.25270761832844,38.95103482112044],[-95.25270772486301,38.95104900711356],[-95.25270677254781,38.95104901068209],[-95.252706902311,38.951066400176906],[-95.2527078546615,38.95106639570801],[-95.25270792904168,38.95107641998638],[-95.25273687225317,38.95107628843848],[-95.25273687821313,38.951077174483245],[-95.25273834306147,38.9510771686402],[-95.25273833713644,38.95107628169507],[-95.25274917080138,38.951076232000425],[-95.25274922556248,38.95108355394321],[-95.25275017791316,38.95108354947393],[-95.25275039851594,38.951113094130925],[-95.25275025193324,38.95111309426232],[-95.2527504780164,38.95114335912733],[-95.2527695261737,38.95115805975933],[-95.25276962859405,38.95115797837243],[-95.25278004967487,38.951166020904296],[-95.25277937934781,38.95116654935955],[-95.25278604884076,38.95117169657945],[-95.25277840089727,38.951177738305404],[-95.25277728034693,38.95117687361389],[-95.2527762503778,38.951177687345975],[-95.25277737092817,38.951178552037526],[-95.25275705615881,38.95119460090656],[-95.25276618632172,38.9512016485393],[-95.25276551714722,38.9512021770218],[-95.25278135604715,38.95121440164303],[-95.25278202525664,38.95121387226013],[-95.25279494625609,38.95122384497079],[-95.2527942770816,38.95122437345338],[-95.25281761806298,38.951242387763365],[-95.25281828723739,38.95124185928062],[-95.25283120824709,38.95125183198724],[-95.25283053907266,38.95125236047003],[-95.25284637687693,38.95126458415465],[-95.25284704605139,38.95126405567175],[-95.25285617742031,38.95127110242432],[-95.25287649218917,38.951255053538006],[-95.25287761274194,38.95125591822859],[-95.25287864271104,38.95125510449558],[-95.25287752215822,38.951254239805046],[-95.25288542728792,38.951247995082724],[-95.25290134354297,38.95126027919811],[-95.25289343837825,38.95126652482194],[-95.25289219570685,38.95126556531301],[-95.25289116573774,38.95126637904614],[-95.25289240840918,38.95126733855506],[-95.25287209364043,38.95128338744416],[-95.25288122501433,38.95129043419474],[-95.2528805546868,38.95129096265051],[-95.2528963936265,38.951303187256016],[-95.25289706283588,38.9513026578724],[-95.25290998386781,38.95131263057017],[-95.2529093146584,38.951313159953806],[-95.25293332490777,38.951330644856725],[-95.25294624594991,38.95134061755043],[-95.2529455767755,38.95134114603392],[-95.25296141458456,38.95135337060315],[-95.25296208494707,38.95135284124647],[-95.25297121515081,38.95135988886304]]]},"properties":{"SDE.FloorAll.FLOORLOCATION":"1"}},{"type":"Feature","geometry":{"type":"MultiPolygon","coordinates":[[[[-95.25320072038329,38.951178713785325],[-95.25328440568428,38.951178332572766],[-95.25328441432906,38.951179476431],[-95.25328587921446,38.95117946968066],[-95.2532858705696,38.951178325822426],[-95.25342070784225,38.951177711727404],[-95.25342071648929,38.951178855585624],[-95.25342218252774,38.95117884886091],[-95.25342217388068,38.95117770500264],[-95.25350937538622,38.951177306893484],[-95.25350916012907,38.95114847794414],[-95.2535398176013,38.95114833813999],[-95.25353989873021,38.951159320576025],[-95.25358484022388,38.951159116296765],[-95.25358476922996,38.95114950666521],[-95.25359807091286,38.95114944596249],[-95.25359807956278,38.951150589820756],[-95.25359954444747,38.95115058306648],[-95.25359953579755,38.95114943920824],[-95.25362872146678,38.951149305970944],[-95.25362790403942,38.9510400816836],[-95.25359871960335,38.95104021404761],[-95.25359871095347,38.951039070189346],[-95.25359724607105,38.95103907694362],[-95.25359725472092,38.95104022080189],[-95.25358395190548,38.951040281477205],[-95.25358382467302,38.95102320747679],[-95.25359712633212,38.95102314677416],[-95.25359713498197,38.9510242906324],[-95.25359859986408,38.95102428387813],[-95.25359859121424,38.95102314001989],[-95.25362777683128,38.951023006782854],[-95.25362695940686,38.95091378249435],[-95.25359777498792,38.95091391575851],[-95.25359776633806,38.95091277190026],[-95.25359630145829,38.95091277865453],[-95.25359631010812,38.95091392251278],[-95.25358300662077,38.950913911974794],[-95.25358288011942,38.95089690828701],[-95.25359618175476,38.950896847584495],[-95.2535961903696,38.95089799234319],[-95.25359765524908,38.9508979855889],[-95.25359764659927,38.95089684173069],[-95.25362683216419,38.950896708493815],[-95.25362601589575,38.950787484231576],[-95.25359683041086,38.95078761656779],[-95.25359682176104,38.95078647270948],[-95.25359535688386,38.95078647946374],[-95.25359536553367,38.95078762332199],[-95.25358206276574,38.95078768399708],[-95.25358152339733,38.95072034978012],[-95.25358423961814,38.95072033662083],[-95.25358423096851,38.95071919276253],[-95.25358155171651,38.95071920499516],[-95.25358148206789,38.950710006353326],[-95.2536040808394,38.95070990273792],[-95.25360402734648,38.95070272412202],[-95.25360360601532,38.95070272585689],[-95.25360327800303,38.95065879602925],[-95.25360369933395,38.95065879429439],[-95.25360350741155,38.95063322562526],[-95.25364595751965,38.95063303170506],[-95.25364514122474,38.950523807440554],[-95.25361595696678,38.950523940709324],[-95.25361594831672,38.95052279685101],[-95.25361448344498,38.95052280360551],[-95.25361449209504,38.95052394746379],[-95.25360118937675,38.95052400814107],[-95.25360118868106,38.95052393692792],[-95.25360106168363,38.95050700532586],[-95.25361440101887,38.950506922985504],[-95.25361440813363,38.9505080172401],[-95.25361587415816,38.95050801051292],[-95.2536158659952,38.9505069135298],[-95.2536450139784,38.950506733439546],[-95.25364419653327,38.95039750914658],[-95.25361501236249,38.95039764151471],[-95.25361500371243,38.950396497656385],[-95.25361353884328,38.95039650441088],[-95.25361354749333,38.95039764826919],[-95.25360024479879,38.9503977089464],[-95.25359994284048,38.95035729721244],[-95.2536210396624,38.95035720127469],[-95.25362077687255,38.950322108592346],[-95.2536084703846,38.950322164931656],[-95.25360839267893,38.950311777384144],[-95.25360985754632,38.95031177062971],[-95.25360984889635,38.950310626771426],[-95.25360838402904,38.9503106335258],[-95.25360821340229,38.950287843834445],[-95.25346833676842,38.950288482016205],[-95.25346850731643,38.9503112428678],[-95.25346704244903,38.95031124962044],[-95.2534670510967,38.950312393478804],[-95.25346851596412,38.95031238672615],[-95.25346859371781,38.950322802213336],[-95.25344672811514,38.95032290153944],[-95.25344665039825,38.950312514892246],[-95.25344811526563,38.95031250813985],[-95.25344810661831,38.95031136428155],[-95.25344664175091,38.950311371033884],[-95.25344647117635,38.950288581342306],[-95.2533065945395,38.950289219328965],[-95.25330676388239,38.95031198015351],[-95.25330529901503,38.95031198690409],[-95.25330530766001,38.95031313076246],[-95.25330677252747,38.95031312401185],[-95.25330685025733,38.9503235394991],[-95.2532849846542,38.95032363879473],[-95.25328490692756,38.95031322330745],[-95.25328637179494,38.950313216557106],[-95.25328636315025,38.95031207269878],[-95.25328489828283,38.950312079449134],[-95.25328472779391,38.95028931859726],[-95.25314485115419,38.95028995638885],[-95.2531450215981,38.95031271724092],[-95.25314355673065,38.95031272398947],[-95.25314356537307,38.950313867847846],[-95.2531450302405,38.95031386109931],[-95.2531451079466,38.95032427658667],[-95.25313280149292,38.95032433197506],[-95.25313306404061,38.95035942465853],[-95.25314009630333,38.95035939300815],[-95.2531407112169,38.9504417614496],[-95.25318044500125,38.95044158084867],[-95.25318046068836,38.950443701800964],[-95.25318192552353,38.95044369595232],[-95.2531819098713,38.95044157409967],[-95.25329973758635,38.95044103752084],[-95.25329975327708,38.950443158473156],[-95.25330121814717,38.95044315172262],[-95.25330120245643,38.95044103077036],[-95.25341771886941,38.950440499053244],[-95.25341764066965,38.9504300655309],[-95.25342035684429,38.95043005327587],[-95.25342034938546,38.950428908544446],[-95.25341763202277,38.95042892167258],[-95.25341759489956,38.95042402534342],[-95.25347110696713,38.95042378173564],[-95.25347124021313,38.950441680500234],[-95.25346855981856,38.950441692702874],[-95.25346856846627,38.95044283656117],[-95.25347124886089,38.950442824358504],[-95.25347141899181,38.950465566274225],[-95.25345032210232,38.95046566308519],[-95.25345042961635,38.950480005910975],[-95.25345057623274,38.950480004878266],[-95.25345070617783,38.95049739437306],[-95.25345055959639,38.95049739450537],[-95.25345082056155,38.950532353765226],[-95.25344810438298,38.95053236602094],[-95.25344811184227,38.95053351075236],[-95.25345082920899,38.9505334976235],[-95.25345108660282,38.95056786559557],[-95.2534512331844,38.95056786546332],[-95.2534513631648,38.95058525405758],[-95.2534512165482,38.95058525509023],[-95.25345164208431,38.95064217837721],[-95.25344892474844,38.950642190605656],[-95.25344893339586,38.95064333446398],[-95.2534516507318,38.95064332223551],[-95.25345184113417,38.95066883950037],[-95.25344488155513,38.95066887108989],[-95.25344491093843,38.95067268937145],[-95.25344487400473,38.95067268939768],[-95.25344499686325,38.95068916217943],[-95.25344526967147,38.95072562856606],[-95.25344398719308,38.95072563423219],[-95.2534439971293,38.950726863737316],[-95.25344524267393,38.95072685809745],[-95.25344550637891,38.9507622220712],[-95.25343144173858,38.95076228630897],[-95.25343154921426,38.95077663003482],[-95.25343169583127,38.95077662900219],[-95.25343175066278,38.95078395094483],[-95.25343167679523,38.950783950997305],[-95.25343169822622,38.95078669663372],[-95.25343177094071,38.950786696553926],[-95.25343182580723,38.95079401759617],[-95.2534316791902,38.95079401862886],[-95.253431755408,38.950804295290865],[-95.253429039219,38.950804307546136],[-95.2534290478661,38.950805451404456],[-95.25343176405516,38.95080543914911],[-95.25343244922165,38.95089699902466],[-95.25342973187594,38.950897011252636],[-95.25342974052309,38.950898155110934],[-95.25343245786884,38.950898142882906],[-95.25343277153947,38.950940151864316],[-95.25345386857055,38.95094005505657],[-95.25345436743619,38.95100189355288],[-95.25345165008646,38.95100190578139],[-95.253451658699,38.95100305054003],[-95.25345433911485,38.95100303833778],[-95.25345463245287,38.95104224402978],[-95.25339387520651,38.951042549412385],[-95.25339385951287,38.9510404284602],[-95.25339239463037,38.95104043521189],[-95.25339241025547,38.951042528224484],[-95.25331673174021,38.95104287299876],[-95.25331660894594,38.95102639931692],[-95.25326365399465,38.95102663984155],[-95.2532636371518,38.95102451886201],[-95.25326217226967,38.951024525612056],[-95.25326218795936,38.9510266465643],[-95.25320134407032,38.951026924558704],[-95.25320183629341,38.951092819313516],[-95.25316563099506,38.95109298439624],[-95.25316562086118,38.95109161159175],[-95.25316386277731,38.95109161950473],[-95.25316386291277,38.95109170512427],[-95.25314391906984,38.951091795857735],[-95.2531442004688,38.951129462881745],[-95.25316414435736,38.9511293712478],[-95.25316414300032,38.951129257661364],[-95.25320034947038,38.95112909260642],[-95.25320072038329,38.951178713785325]]],[[[-95.25297120227546,38.951358230305374],[-95.25299046205443,38.95134301526837],[-95.2529923938335,38.95134450750565],[-95.25299342380255,38.95134369377164],[-95.25299149198847,38.95134220243479],[-95.25300086412912,38.951334797441255],[-95.25301086726384,38.95134251822452],[-95.25303929432401,38.95132006095847],[-95.25304036218891,38.95132088564635],[-95.25304043958943,38.95132082439459],[-95.25307055327104,38.951344065805955],[-95.25308548716016,38.951332268438854],[-95.25308538296625,38.95133218756364],[-95.25311643553249,38.951307655684516],[-95.25311536763192,38.95130683189772],[-95.25312278339435,38.95130097300471],[-95.25312385125993,38.95130179769179],[-95.25312897488641,38.95129775002422],[-95.25309487542297,38.95127143203977],[-95.25308887547722,38.951276170909814],[-95.25308189445398,38.951270782909724],[-95.2530862965273,38.95126730484469],[-95.25308822949444,38.95126879620731],[-95.25308925946126,38.951267982472444],[-95.25308732649414,38.95126649110981],[-95.2531066124309,38.951251255045015],[-95.25300962668595,38.951176402217115],[-95.25299036692155,38.95119161815794],[-95.25298845191818,38.95119013983635],[-95.25298742195135,38.95119095357035],[-95.25298933695464,38.95119243189194],[-95.25298490870841,38.9511959300613],[-95.25297685983887,38.95118971736645],[-95.25298674633265,38.951181906393785],[-95.25292847230335,38.95113693068287],[-95.25293035716868,38.95113544236234],[-95.25292931505922,38.95113463811053],[-95.25292743019389,38.95113612643101],[-95.25288167272012,38.95110081099478],[-95.25288173701658,38.95110076024732],[-95.2528812316683,38.95110036975867],[-95.25288099563647,38.951081080669894],[-95.25288224118745,38.951081075036036],[-95.25288223126095,38.95107984553089],[-95.25288098686308,38.95107985119206],[-95.25288080054413,38.951054976591934],[-95.25288348096205,38.95105496440287],[-95.25288347232375,38.951053820544544],[-95.25288075497197,38.951053832759705],[-95.252880068884,38.95095699887884],[-95.2528660042044,38.950957063048016],[-95.25286593794844,38.95094822497385],[-95.25287224417151,38.9509481968625],[-95.25287225984954,38.95095031781477],[-95.25287372588329,38.95095031109696],[-95.25287370905214,38.950948190117394],[-95.25290109962545,38.95094806499787],[-95.25290103256836,38.950939098930995],[-95.25290088710409,38.950939099990265],[-95.25290083232743,38.950931778047476],[-95.25290097894474,38.95093177701552],[-95.25290095753427,38.950929031379005],[-95.25290081091694,38.950929032410976],[-95.25290075729342,38.9509217104955],[-95.2529009027226,38.950921710336615],[-95.252900500112,38.950867712955684],[-95.25290035352981,38.950867713087256],[-95.2529002987182,38.95086039204479],[-95.25290044533543,38.950860391012846],[-95.25290042507811,38.95085764540367],[-95.25290027846087,38.950857646435615],[-95.25290022368434,38.950850324492784],[-95.25290037030149,38.95085032346081],[-95.2529003047347,38.95084158634013],[-95.25285811076483,38.950841778849956],[-95.2528574299222,38.950750572335416],[-95.25291903541684,38.95075029184527],[-95.2529190510278,38.95075238485798],[-95.25292051705746,38.95075237813962],[-95.25292050144644,38.95075028512693],[-95.25295313500091,38.95075013642971],[-95.25295325886309,38.950766610139574],[-95.2530251750454,38.95076628280803],[-95.25302519125272,38.95076839025438],[-95.25302665612963,38.95076838350731],[-95.25302663992218,38.95076627606097],[-95.25302788546757,38.9507662704256],[-95.25302788529888,38.950766155966136],[-95.25303733482534,38.95076611310332],[-95.25303733499405,38.95076622756281],[-95.25304085114567,38.95076621174055],[-95.25304085097694,38.95076609728106],[-95.25305022663585,38.95076605446946],[-95.25305022795764,38.95076616895624],[-95.25313996390085,38.95076575999131],[-95.25313996257884,38.95076564550446],[-95.25316223235414,38.95076554409315],[-95.25316223252305,38.95076565855261],[-95.25317588331102,38.95076558183839],[-95.25317589896314,38.95076770369103],[-95.25317736383994,38.95076769694207],[-95.25317734818785,38.950765575089406],[-95.25322323430036,38.95076538071991],[-95.25322267218371,38.95069017556308],[-95.25322211118635,38.95061497133351],[-95.2531832557467,38.95061514842861],[-95.25318324065275,38.950613041909975],[-95.25318177581406,38.95061304775859],[-95.25318179087299,38.9506151551776],[-95.25304903130926,38.95061576052081],[-95.25304903147804,38.95061587498029],[-95.25303965587405,38.950615916891415],[-95.2530396546191,38.95061586008456],[-95.25303613847491,38.950615875906756],[-95.25303613969487,38.950615933614],[-95.25302676290279,38.95061597639715],[-95.25302676158101,38.95061586191037],[-95.25295213513523,38.95061620162366],[-95.25295225784387,38.95063267530639],[-95.25279253611312,38.95063340211824],[-95.25279251994604,38.95063132351184],[-95.25279105507195,38.95063133025596],[-95.2527910700859,38.95063340883503],[-95.25278437945879,38.950633439548206],[-95.252734256396,38.95063366762208],[-95.25273481441876,38.95070843019574],[-95.25273213401395,38.95070844238141],[-95.25273214261479,38.95070958714016],[-95.25273482301965,38.9507095749545],[-95.25273511727379,38.95074898435714],[-95.25273473172297,38.95074898603551],[-95.25271405608115,38.95074905124042],[-95.25271404075538,38.95075188072175],[-95.25271407889961,38.95075701680199],[-95.25271232082403,38.95075702470817],[-95.25271233094901,38.9507583975128],[-95.25271244059724,38.95075839740747],[-95.25271276573734,38.95080194145832],[-95.2527495756021,38.95080165926794],[-95.25274983802969,38.950836779890494],[-95.25270764290921,38.95083697231825],[-95.25270847916259,38.95094894222307],[-95.25275067319683,38.950948749767704],[-95.25275082159766,38.95096857030603],[-95.25273749573317,38.950968630337734],[-95.25273748005924,38.95096650938543],[-95.25273601517819,38.950966516128844],[-95.25273603085213,38.95096863708115],[-95.2527086275866,38.95096876186107],[-95.2527094221901,38.95107524051907],[-95.25273686243085,38.9510751157129],[-95.25273687922288,38.951077237592884],[-95.2527383441062,38.95107723084948],[-95.25273832846717,38.951075108996804],[-95.25275011444751,38.95107505573328],[-95.25275012377851,38.951076270804805],[-95.25274917142794,38.95107627527406],[-95.25274922618901,38.95108359721683],[-95.25275017853969,38.95108359274758],[-95.25275039851594,38.951113094130925],[-95.25275025193324,38.95111309426232],[-95.2527504780164,38.95114335912733],[-95.2527695261387,38.95115806065968],[-95.25276962855904,38.951157979272864],[-95.25278000928331,38.951165991108],[-95.25277934010927,38.95116651959056],[-95.2527860096022,38.95117166681049],[-95.25278667877627,38.95117113832797],[-95.25278778587446,38.95117199278714],[-95.25277946875696,38.951178562995686],[-95.25277753579881,38.951177071627896],[-95.25277650582971,38.95117788536004],[-95.25277843878789,38.951179376727836],[-95.25275917900792,38.95119459172983],[-95.25285616451269,38.95126944476706],[-95.25287542429217,38.95125422974904],[-95.25287735610144,38.95125572108784],[-95.25287838607048,38.95125490735483],[-95.25287645310816,38.95125341598871],[-95.25288582636719,38.95124601193218],[-95.2529038795346,38.9512599445528],[-95.25289450624062,38.95126734951116],[-95.25289257443072,38.95126585817265],[-95.25289154449662,38.95126667100536],[-95.25289347627158,38.951268163244336],[-95.25287421764526,38.95128337829263],[-95.25297120227546,38.951358230305374]]]]},"properties":{"SDE.FloorAll.FLOORLOCATION":"2"}},{"type":"Feature","geometry":{"type":"MultiPolygon","coordinates":[[[[-95.25320074348015,38.95117871343133],[-95.25328442878114,38.95117833221873],[-95.25328443742592,38.951179476077],[-95.25328590231132,38.951179469326654],[-95.25328589366647,38.951178325468426],[-95.25342073093913,38.95117771137337],[-95.25342073958615,38.951178855231596],[-95.25342220562459,38.951178848506856],[-95.25342219697754,38.95117770464862],[-95.25350939848309,38.95117730653937],[-95.25350918322592,38.95114847759009],[-95.25353984069814,38.95114833778594],[-95.25353992182707,38.95115932022192],[-95.25358486332077,38.951159115942666],[-95.25358479232679,38.95114950631115],[-95.25359809400972,38.95114944560845],[-95.25359810265961,38.951150589466714],[-95.25359956754431,38.951150582712415],[-95.2535995588944,38.95114943885415],[-95.2536287445636,38.95114930561687],[-95.25362792713624,38.9510400813295],[-95.25359874270018,38.951040213693496],[-95.25359873405029,38.95103906983527],[-95.25359726916787,38.95103907658956],[-95.25359727781776,38.951040220447794],[-95.2535839750023,38.951040281123085],[-95.25358384776983,38.95102320712269],[-95.25359714942894,38.951023146420084],[-95.2535971580788,38.95102429027833],[-95.2535986229609,38.95102428352407],[-95.25359861431106,38.951023139665836],[-95.25362779992808,38.95102300642874],[-95.25362698250362,38.9509137821403],[-95.2535977980847,38.95091391540444],[-95.25359778943485,38.95091277154619],[-95.25359632455506,38.95091277830045],[-95.2535963332049,38.95091392215872],[-95.25358302971753,38.95091391162072],[-95.25358290321617,38.95089690793297],[-95.25359620485153,38.95089684723045],[-95.25359621346637,38.950897991989116],[-95.25359767834586,38.95089798523485],[-95.25359766969605,38.95089684137659],[-95.25362685526095,38.950896708139766],[-95.25362603899248,38.95078748387748],[-95.2535968535076,38.95078761621365],[-95.25359684485775,38.950786472355404],[-95.25359537998061,38.95078647910968],[-95.25359538863039,38.950787622967944],[-95.25358208586248,38.95078768364303],[-95.25358154649403,38.950720349426035],[-95.25358426271485,38.95072033626673],[-95.25358425406523,38.950719192408464],[-95.25358157481321,38.950719204641054],[-95.2535815051646,38.95071000599926],[-95.2536041039361,38.950709902383785],[-95.25360405044319,38.95070272376798],[-95.25360362911202,38.95070272550283],[-95.25360330109973,38.95065879567519],[-95.25360372243064,38.95065879394033],[-95.25360353050824,38.95063322527119],[-95.25364598061631,38.95063303135099],[-95.25364516432136,38.95052380708649],[-95.25361598006342,38.950523940355225],[-95.25361597141338,38.950522796496955],[-95.25361450654161,38.95052280325144],[-95.2536145151917,38.95052394710973],[-95.2536012124734,38.95052400778701],[-95.2536012117777,38.9505239365738],[-95.25360108478026,38.95050700497178],[-95.25361442411551,38.95050692263144],[-95.25361443123029,38.95050801688603],[-95.25361589725479,38.95050801015885],[-95.25361588909183,38.950506913175744],[-95.25364503707505,38.95050673308542],[-95.25364421962988,38.95039750879252],[-95.2536150354591,38.950397641160635],[-95.25361502680903,38.950396497302314],[-95.25361356193989,38.950396504056805],[-95.25361357058993,38.95039764791511],[-95.2536002678954,38.95039770859227],[-95.25359996593708,38.95035729685838],[-95.25362106275901,38.95035720092058],[-95.25362079996914,38.950322108238275],[-95.25360849348118,38.95032216457754],[-95.25360841577552,38.95031177703007],[-95.25360988064291,38.95031177027565],[-95.25360987199292,38.950310626417306],[-95.25360840712561,38.950310633171725],[-95.25360823649885,38.950287843480346],[-95.253468359865,38.95028848166217],[-95.253468530413,38.95031124251377],[-95.25346706554562,38.95031124926642],[-95.2534670741933,38.95031239312474],[-95.2534685390607,38.950312386372126],[-95.2534686168144,38.95032280185928],[-95.25344675121173,38.95032290118541],[-95.25344667349484,38.950312514538204],[-95.25344813836219,38.95031250778581],[-95.25344812971487,38.95031136392747],[-95.25344666484749,38.95031137067985],[-95.25344649427292,38.95028858098822],[-95.25330661763606,38.95028921897496],[-95.25330678697897,38.95031197979949],[-95.2533053221116,38.9503119865501],[-95.2533053307566,38.950313130408425],[-95.25330679562404,38.95031312365786],[-95.25330687335392,38.950323539145124],[-95.25328500775079,38.950323638440736],[-95.25328493002414,38.95031322295345],[-95.25328639489153,38.9503132162031],[-95.25328638624683,38.95031207234481],[-95.2532849213794,38.950312079095134],[-95.25328475089047,38.9502893182432],[-95.25314487425076,38.95028995603485],[-95.25314504469468,38.95031271688694],[-95.25314357982722,38.950312723635506],[-95.25314358846967,38.950313867493826],[-95.25314505333708,38.9503138607453],[-95.25314513104318,38.95032427623269],[-95.25313282458951,38.95032433162109],[-95.25313308713721,38.95035942430458],[-95.25314011939992,38.95035939265419],[-95.25314073431353,38.950441761095576],[-95.25318046809788,38.95044158049466],[-95.25318048378499,38.95044370144701],[-95.25318194862015,38.950443695598345],[-95.25318193296793,38.95044157374564],[-95.25329976068296,38.95044103716684],[-95.25329977637371,38.95044315811916],[-95.25330124124379,38.95044315136861],[-95.25330122555306,38.950441030416314],[-95.25341774196605,38.95044049869919],[-95.25341766376627,38.95043006517686],[-95.25342037994093,38.95043005292181],[-95.25342037248208,38.95042890819043],[-95.25341765511938,38.950428921318554],[-95.25341761799618,38.95042402498941],[-95.25347113006374,38.95042378138158],[-95.25347126330975,38.950441680146135],[-95.25346858291518,38.950441692348846],[-95.25346859156289,38.950442836207145],[-95.25347127195751,38.95044282400448],[-95.25347144208844,38.950465565920204],[-95.25345034519894,38.950465662731126],[-95.253450452713,38.95048000555693],[-95.25345059932938,38.950480004524245],[-95.25345072927446,38.95049739401905],[-95.25345058269303,38.950497394151306],[-95.25345084365819,38.950532353411134],[-95.25344812747961,38.95053236566691],[-95.25344813493892,38.950533510398316],[-95.25345085230563,38.95053349726947],[-95.25345110969948,38.9505678652415],[-95.25345125628108,38.95056786510924],[-95.25345138626147,38.950585253703565],[-95.25345123964487,38.9505852547362],[-95.25345166518102,38.95064217802318],[-95.25344894784511,38.95064219025161],[-95.25344895649255,38.950643334109934],[-95.2534516738285,38.95064332188147],[-95.25345186423087,38.950668839146324],[-95.25344490465181,38.95066887073581],[-95.25344493403513,38.95067268901738],[-95.25344489710143,38.95067268904365],[-95.25344501995995,38.950689161825366],[-95.2534452927682,38.950725628212],[-95.2534440102898,38.95072563387816],[-95.25344402022601,38.95072686338326],[-95.25344526577065,38.95072685774336],[-95.25344552947564,38.95076222171715],[-95.2534314648353,38.95076228595491],[-95.25343157231099,38.95077662968079],[-95.25343171892798,38.95077662864817],[-95.25343177375952,38.95078395059078],[-95.25343169989196,38.95078395064324],[-95.25343172132297,38.9507866962797],[-95.25343179403743,38.950786696199906],[-95.25343184890396,38.950794017242146],[-95.25343170228693,38.95079401827483],[-95.25343177850475,38.950804294936816],[-95.25342906231573,38.950804307192115],[-95.25342907096285,38.95080545105039],[-95.25343178715191,38.950805438795086],[-95.25343247231842,38.95089699867057],[-95.25342975497271,38.9508970108986],[-95.25342976361985,38.95089815475685],[-95.2534324809656,38.950898142528885],[-95.25343279463624,38.950940151510274],[-95.25345389166726,38.95094005470251],[-95.25345439053301,38.95100189319879],[-95.25345167318328,38.95100190542733],[-95.2534516817958,38.951003050186],[-95.25345436221166,38.95100303798374],[-95.2534546555497,38.951042243675694],[-95.25339389830333,38.95104254905837],[-95.25339388260969,38.95104042810618],[-95.25339241772718,38.95104043485787],[-95.25339243335227,38.951042527870456],[-95.25331675483706,38.951042872644706],[-95.25331663204277,38.95102639896292],[-95.25326367709148,38.951026639487566],[-95.25326366024862,38.951024518508014],[-95.25326219536649,38.951024525258084],[-95.25326221105618,38.951026646210245],[-95.25320136716711,38.9510269242047],[-95.25320185939024,38.95109281895954],[-95.25316565409189,38.95109298404227],[-95.25316564395803,38.95109161123771],[-95.25316388587416,38.951091619150766],[-95.25316388600962,38.95109170477023],[-95.25314394216667,38.951091795503764],[-95.25314422356566,38.951129462527774],[-95.25316416745422,38.9511293708938],[-95.25316416609718,38.9511292573074],[-95.25320037256724,38.95112909225243],[-95.25320074348015,38.95117871343133]]],[[[-95.25297122537236,38.95135822995142],[-95.25299048515134,38.9513430149144],[-95.2529924169304,38.951344507151695],[-95.25299344689948,38.95134369341768],[-95.25299151508537,38.95134220208081],[-95.25300088722604,38.951334797087306],[-95.25301089036074,38.95134251787057],[-95.25303931742093,38.95132006060451],[-95.2530403852858,38.95132088529241],[-95.25304046268629,38.951320824040636],[-95.25307057636796,38.951344065452],[-95.25308551025708,38.95133226808489],[-95.25308540606315,38.951332187209665],[-95.25311645862939,38.951307655330496],[-95.25311539072884,38.95130683154375],[-95.25312280649126,38.9513009726507],[-95.25312387435682,38.95130179733782],[-95.25312899798331,38.9512977496702],[-95.25309489851989,38.95127143168577],[-95.25308889857412,38.95127617055584],[-95.25308191755087,38.95127078255576],[-95.25308631962422,38.95126730449073],[-95.25308825259133,38.951268795853366],[-95.25308928255816,38.951267982118495],[-95.25308734959101,38.951266490755856],[-95.2531066355278,38.951251254691044],[-95.25300964978281,38.951176401863165],[-95.25299039001841,38.951191617803936],[-95.25298847501504,38.95119013948237],[-95.2529874450482,38.95119095321641],[-95.25298936005152,38.95119243153797],[-95.25298493180527,38.95119592970735],[-95.25297688293573,38.95118971701249],[-95.25298676942954,38.95118190603981],[-95.2529284954002,38.95113693032891],[-95.25293038026554,38.951135442008365],[-95.25292933815606,38.951134637756596],[-95.25292745329074,38.951136126077095],[-95.25288169581695,38.951100810640874],[-95.25288176011341,38.95110075989335],[-95.25288125476514,38.951100369404706],[-95.2528810187333,38.95108108031598],[-95.25288226428427,38.95108107468211],[-95.25288225435779,38.951079845176984],[-95.25288100995992,38.95107985083815],[-95.25288082364096,38.95105497623798],[-95.25288350405889,38.95105496404892],[-95.25288349542056,38.95105382019063],[-95.25288077806879,38.95105383240575],[-95.2528800919808,38.95095699852488],[-95.2528660273012,38.95095706269411],[-95.25286596104525,38.950948224619935],[-95.25287226726829,38.95094819650857],[-95.25287228294633,38.95095031746081],[-95.25287374898008,38.95095031074305],[-95.25287373214894,38.95094818976346],[-95.25290112272225,38.95094806464394],[-95.25290105566513,38.950939098577074],[-95.25290091020086,38.95093909963634],[-95.2529008554242,38.950931777693526],[-95.25290100204153,38.950931776661534],[-95.25290098063105,38.95092903102506],[-95.25290083401372,38.95092903205703],[-95.25290078039019,38.950921710141536],[-95.25290092581938,38.95092170998265],[-95.25290052320877,38.95086771260177],[-95.25290037662657,38.950867712733334],[-95.25290032181496,38.95086039169085],[-95.2529004684322,38.95086039065894],[-95.25290044817488,38.95085764504971],[-95.25290030155764,38.950857646081694],[-95.2529002467811,38.95085032413885],[-95.25290039339826,38.95085032310685],[-95.25290032783145,38.950841585986154],[-95.2528581338616,38.95084177849606],[-95.25285745301893,38.95075057198148],[-95.25291905851356,38.950750291491346],[-95.25291907412452,38.950752384504064],[-95.2529205401542,38.950752377785655],[-95.25292052454317,38.95075028477294],[-95.25295315809763,38.95075013607577],[-95.2529532819598,38.95076660978562],[-95.25302519814211,38.95076628245409],[-95.25302521434946,38.950768389900446],[-95.25302667922637,38.95076838315337],[-95.25302666301891,38.95076627570702],[-95.25302790856432,38.95076627007163],[-95.25302790839561,38.950766155612136],[-95.25303735792207,38.95076611274937],[-95.2530373580908,38.95076622720884],[-95.25304087424239,38.95076621138659],[-95.25304087407366,38.950766096927126],[-95.25305024973258,38.95076605411547],[-95.25305025105439,38.95076616860229],[-95.25313998699757,38.950765759637285],[-95.25313998567556,38.95076564515049],[-95.25316225545086,38.95076554373917],[-95.25316225561977,38.95076565819865],[-95.25317590640775,38.95076558148442],[-95.25317592205985,38.95076770333707],[-95.25317738693668,38.95076769658809],[-95.25317737128458,38.95076557473544],[-95.2532232573971,38.950765380365915],[-95.25322269528043,38.950690175209104],[-95.25322213428302,38.95061497097954],[-95.25318327884337,38.95061514807461],[-95.2531832637494,38.95061304155602],[-95.25318179891073,38.95061304740461],[-95.25318181396968,38.95061515482363],[-95.25304905440595,38.95061576016686],[-95.25304905457467,38.95061587462634],[-95.2530396789707,38.95061591653747],[-95.25303967771576,38.950615859730625],[-95.25303616157159,38.950615875552806],[-95.25303616279153,38.95061593326007],[-95.25302678599947,38.950615976043224],[-95.2530267846777,38.95061586155643],[-95.25295215823193,38.95061620126969],[-95.25295228094053,38.95063267495238],[-95.2527925592098,38.95063340176434],[-95.2527925430427,38.95063132315792],[-95.25279107816863,38.95063132990202],[-95.2527910931826,38.950633408481124],[-95.25278440255548,38.9506334391943],[-95.25273427949269,38.95063366726819],[-95.25273483751548,38.95070842984187],[-95.25273215711066,38.95070844202752],[-95.2527321657115,38.95070958678626],[-95.25273484611635,38.95070957460057],[-95.2527351403705,38.95074898400325],[-95.2527347548197,38.95074898568156],[-95.25271407917786,38.95074905088652],[-95.2527140638521,38.95075188036782],[-95.25271410199633,38.95075701644812],[-95.25271234392076,38.950757024354274],[-95.25271235404573,38.95075839715892],[-95.25271246369397,38.950758397053576],[-95.25271278883407,38.95080194110443],[-95.25274959869883,38.950801658914],[-95.25274986112646,38.95083677953653],[-95.25270766600597,38.950836971964364],[-95.2527085022594,38.95094894186919],[-95.25275069629362,38.95094874941376],[-95.25275084469446,38.95096856995214],[-95.25273751882996,38.95096862998381],[-95.25273750315601,38.950966509031545],[-95.25273603827499,38.95096651577495],[-95.25273605394894,38.95096863672721],[-95.2527086506834,38.950968761507184],[-95.25270944528692,38.95107524016514],[-95.25273688552768,38.951075115358975],[-95.25273690231973,38.95107723723894],[-95.25273836720304,38.95107723049552],[-95.25273835156399,38.95107510864288],[-95.25275013754433,38.95107505537937],[-95.25275014687534,38.951076270450855],[-95.25274919452477,38.951076274920105],[-95.25274924928584,38.9510835968629],[-95.25275020163653,38.95108359239365],[-95.25275042161277,38.951113093777046],[-95.25275027503007,38.95111309390841],[-95.25275050111325,38.951143358773415],[-95.25276954923555,38.951158060305794],[-95.25276965165591,38.95115797891891],[-95.25278003238019,38.951165990754106],[-95.25277936320613,38.95116651923663],[-95.25278603269909,38.95117166645657],[-95.25278670187315,38.95117113797399],[-95.25278780897132,38.95117199243323],[-95.25277949185383,38.95117856264181],[-95.25277755889567,38.95117707127402],[-95.25277652892659,38.95117788500614],[-95.25277846188474,38.951179376373936],[-95.25275920210478,38.95119459137593],[-95.25285618760961,38.951269444413136],[-95.25287544738907,38.95125422939512],[-95.25287737919831,38.951255720733876],[-95.25287840916738,38.951254907000916],[-95.25287647620503,38.95125341563478],[-95.25288584946406,38.951246011578256],[-95.2529039026315,38.95125994419884],[-95.25289452933752,38.95126734915725],[-95.25289259752759,38.951265857818726],[-95.25289156759354,38.951266670651435],[-95.25289349936847,38.951268162890365],[-95.25287424074216,38.95128337793869],[-95.25297122537236,38.95135822995142]]]]},"properties":{"SDE.FloorAll.FLOORLOCATION":"3"}},{"type":"Feature","geometry":{"type":"MultiPolygon","coordinates":[[[[-95.25320076542387,38.95117871304998],[-95.25328445072489,38.95117833183739],[-95.25328445936971,38.951179475695675],[-95.25328592425504,38.95117946894534],[-95.25328591561025,38.95117832508707],[-95.2534207528829,38.95117771099197],[-95.25342076152992,38.95117885485022],[-95.25342222756838,38.9511788481255],[-95.25342221892133,38.95117770426727],[-95.25350942042687,38.951177306158016],[-95.25350920516969,38.95114847720873],[-95.25353986264192,38.951148337404504],[-95.25353994377083,38.951159319840585],[-95.25358488526452,38.95115911556128],[-95.25358481427058,38.951149505929784],[-95.2535981159535,38.95114944522706],[-95.25359812460339,38.95115058908529],[-95.2535995894881,38.951150582331024],[-95.25359958083818,38.951149438472754],[-95.25362876650739,38.951149305235475],[-95.25362794907991,38.951040080948104],[-95.25359876464393,38.951040213312126],[-95.253598755994,38.95103906945389],[-95.2535972911116,38.95103907620815],[-95.25359729976144,38.951040220066425],[-95.25358399694605,38.95104028074172],[-95.25358386971351,38.95102320674131],[-95.25359717137268,38.95102314603871],[-95.25359718002252,38.95102428989697],[-95.25359864490463,38.95102428314268],[-95.25359863625474,38.951023139284416],[-95.25362782187182,38.95102300604736],[-95.25362700444727,38.95091378175884],[-95.2535978200284,38.95091391502306],[-95.25359781137853,38.95091277116478],[-95.25359634649875,38.950912777919086],[-95.25359635514853,38.95091392177736],[-95.25358305166124,38.95091391123935],[-95.25358292515982,38.950896907551524],[-95.25359622679521,38.95089684684904],[-95.25359623541007,38.950897991607704],[-95.25359770028955,38.950897984853434],[-95.25359769163967,38.95089684099517],[-95.25362687720464,38.95089670775838],[-95.25362606093614,38.950787483496065],[-95.25359687545125,38.950787615832304],[-95.25359686680143,38.950786471974034],[-95.25359540192426,38.950786478728276],[-95.25359541057401,38.95078762258656],[-95.25358210780614,38.95078768326166],[-95.25358156843771,38.950720349044644],[-95.25358428465843,38.95072033588536],[-95.25358427600887,38.95071919202708],[-95.25358159675687,38.95071920425968],[-95.25358152710822,38.95071000561787],[-95.25360412587975,38.95070990200243],[-95.25360407238684,38.950702723386556],[-95.2536036510556,38.95070272512141],[-95.25360332304332,38.950658795293755],[-95.25360374437426,38.9506587935589],[-95.2536035524518,38.95063322488976],[-95.25364600255995,38.95063303096957],[-95.25364518626495,38.9505238067051],[-95.253616002007,38.950523939973834],[-95.25361599335689,38.950522796115564],[-95.2536145284852,38.95052280287001],[-95.25361453713529,38.95052394672833],[-95.25360123441698,38.950524007405626],[-95.25360123372128,38.95052393619243],[-95.25360110672383,38.95050700459039],[-95.25361444605903,38.95050692225003],[-95.25361445317384,38.95050801650461],[-95.25361591919838,38.95050800977743],[-95.2536159110354,38.950506912794346],[-95.25364505901857,38.950506732704035],[-95.25364424157343,38.95039750841111],[-95.25361505740258,38.950397640779215],[-95.25361504875251,38.95039649692093],[-95.25361358388342,38.95039650367544],[-95.25361359253348,38.95039764753373],[-95.25360028983894,38.95039770821089],[-95.2535999878806,38.950357296476966],[-95.25362108470252,38.95035720053921],[-95.25362082191262,38.950322107856834],[-95.25360851542469,38.95032216419616],[-95.25360843771904,38.95031177664863],[-95.2536099025864,38.95031176989428],[-95.25360989393644,38.95031062603592],[-95.25360842906908,38.95031063279037],[-95.25360825844237,38.950287843098955],[-95.25346838180843,38.95028848128082],[-95.25346855235647,38.95031124213242],[-95.25346708748911,38.950311248885065],[-95.2534670961368,38.95031239274337],[-95.25346856100417,38.950312385990735],[-95.25346863875791,38.95032280147789],[-95.25344677315523,38.95032290080406],[-95.25344669543834,38.9503125141568],[-95.25344816030571,38.95031250740444],[-95.25344815165835,38.950311363546106],[-95.253446686791,38.95031137029849],[-95.25344651621641,38.95028858060687],[-95.25330663957956,38.950289218593646],[-95.25330680892249,38.95031197941815],[-95.25330534405505,38.95031198616877],[-95.25330535270012,38.950313130027084],[-95.25330681756756,38.950313123276494],[-95.25330689529744,38.950323538763755],[-95.25328502969431,38.950323638059416],[-95.25328495196764,38.95031322257215],[-95.25328641683504,38.95031321582179],[-95.2532864081903,38.950312071963424],[-95.25328494332291,38.950312078713786],[-95.25328477283398,38.95028931786188],[-95.25314489619423,38.950289955653574],[-95.25314506663814,38.95031271650564],[-95.25314360177073,38.95031272325421],[-95.25314361041319,38.95031386711253],[-95.25314507528061,38.95031386036397],[-95.25314515298665,38.95032427585136],[-95.25313284653299,38.95032433123983],[-95.25313310908072,38.95035942392325],[-95.25314014134345,38.9503593922729],[-95.25314075625708,38.950441760714284],[-95.25318049004143,38.95044158011336],[-95.25318050572854,38.95044370106565],[-95.25318197056366,38.95044369521706],[-95.2531819549115,38.950441573364344],[-95.25329978262651,38.95044103678553],[-95.25329979831726,38.950443157737794],[-95.25330126318735,38.9504431509873],[-95.25330124749661,38.95044103003499],[-95.25341776390954,38.95044049831783],[-95.25341768570982,38.95043006479553],[-95.25342040188445,38.95043005254045],[-95.25342039442563,38.95042890780909],[-95.25341767706293,38.95042892093719],[-95.25341763993973,38.95042402460805],[-95.25347115200725,38.9504237810002],[-95.25347128525331,38.95044167976479],[-95.25346860485872,38.95044169196744],[-95.25346861350639,38.95044283582578],[-95.25347129390107,38.95044282362313],[-95.25347146403195,38.950465565538785],[-95.25345036714252,38.95046566234978],[-95.25345047465656,38.95048000517554],[-95.25345062127295,38.9504800041429],[-95.25345075121803,38.9504973936377],[-95.2534506046366,38.950497393769986],[-95.25345086560178,38.950532353029786],[-95.25344814942315,38.950532365285554],[-95.2534481568825,38.95053351001693],[-95.25345087424921,38.95053349688811],[-95.25345113164303,38.950567864860155],[-95.25345127822462,38.95056786472789],[-95.25345140820507,38.95058525332216],[-95.2534512615884,38.950585254354834],[-95.25345168712464,38.950642177641775],[-95.25344896978874,38.95064218987029],[-95.25344897843615,38.95064333372854],[-95.25345169577206,38.9506433215001],[-95.25345188617443,38.95066883876499],[-95.25344492659545,38.95066887035448],[-95.25344495597874,38.95067268863604],[-95.25344491904501,38.95067268866224],[-95.25344504190357,38.95068916144398],[-95.25344531471177,38.95072562783066],[-95.25344403223339,38.95072563349679],[-95.2534440421696,38.95072686300192],[-95.25344528771429,38.950726857362035],[-95.25344555141923,38.950762221335786],[-95.25343148677896,38.950762285573546],[-95.2534315942546,38.95077662929944],[-95.2534317408716,38.95077662826676],[-95.25343179570312,38.95078395020943],[-95.25343172183557,38.95078395026188],[-95.25343174326662,38.95078669589832],[-95.25343181598106,38.95078669581856],[-95.25343187084762,38.95079401686081],[-95.25343172423054,38.950794017893415],[-95.25343180044841,38.95080429455544],[-95.25342908425941,38.950804306810774],[-95.25342909290646,38.950805450669016],[-95.25343180909557,38.950805438413745],[-95.25343249426211,38.950896998289224],[-95.2534297769164,38.95089701051727],[-95.25342978556354,38.950898154375516],[-95.2534325029093,38.950898142147544],[-95.25343281657996,38.950940151128925],[-95.25345391361098,38.950940054321144],[-95.25345441247673,38.951001892817445],[-95.253451695127,38.951001905046],[-95.25345170373953,38.951003049804605],[-95.25345438415538,38.95100303760233],[-95.25345467749345,38.95104224329436],[-95.25339392024706,38.95104254867698],[-95.25339390455342,38.95104042772485],[-95.25339243967093,38.95104043447653],[-95.253392455296,38.95104252748912],[-95.25331677678078,38.95104287226339],[-95.2533166539865,38.951026398581604],[-95.25326369903522,38.951026639106175],[-95.25326368219235,38.95102451812668],[-95.25326221731021,38.95102452487676],[-95.2532622329999,38.95102664582893],[-95.25320138911081,38.95102692382339],[-95.25320188133395,38.951092818578196],[-95.25316567603558,38.95109298366095],[-95.25316566590176,38.951091610856395],[-95.25316390781786,38.95109161876943],[-95.25316390795332,38.95109170438895],[-95.25314396411042,38.95109179512242],[-95.25314424550942,38.951129462146426],[-95.25316418939796,38.95112937051251],[-95.25316418804093,38.9511292569261],[-95.25320039451094,38.95112909187114],[-95.25320076542387,38.95117871304998]]],[[[-95.25297124731622,38.95135822957017],[-95.25299050709512,38.95134301453317],[-95.25299243887424,38.95134450677042],[-95.25299346884326,38.95134369303643],[-95.25299153702922,38.951342201699525],[-95.25300090916981,38.95133479670602],[-95.25301091230459,38.95134251748926],[-95.25303933936475,38.951320060223246],[-95.25304040722965,38.95132088491112],[-95.2530404846301,38.951320823659344],[-95.2530705983118,38.95134406507072],[-95.25308553220091,38.951332267703634],[-95.25308542800698,38.951332186828324],[-95.25311648057323,38.95130765494923],[-95.25311541267266,38.95130683116243],[-95.25312282843508,38.95130097226941],[-95.25312389630065,38.95130179695654],[-95.25312901992712,38.95129774928891],[-95.2530949204637,38.95127143130445],[-95.25308892051792,38.95127617017455],[-95.25308193949468,38.95127078217441],[-95.25308634156802,38.95126730410944],[-95.25308827453514,38.95126879547207],[-95.25308930450197,38.951267981737175],[-95.25308737153482,38.95126649037458],[-95.25310665747159,38.9512512543097],[-95.2530096717266,38.951176401481916],[-95.25299041196214,38.951191617422666],[-95.25298849695885,38.95119013910108],[-95.252987466992,38.951190952835084],[-95.25298938199529,38.95119243115669],[-95.25298495374908,38.95119592932608],[-95.25297690487953,38.951189716631184],[-95.2529867913733,38.95118190565852],[-95.25292851734397,38.95113692994763],[-95.25293040220924,38.95113544162712],[-95.25292936009983,38.95113463737533],[-95.2529274752345,38.95113612569583],[-95.25288171776072,38.95110081025957],[-95.25288178205719,38.951100759512116],[-95.2528812767089,38.95110036902344],[-95.25288104067707,38.95108107993469],[-95.25288228622799,38.95108107430087],[-95.2528822763015,38.95107984479573],[-95.25288103190367,38.951079850456864],[-95.2528808455847,38.95105497585674],[-95.25288352600263,38.95105496366767],[-95.25288351736431,38.95105381980938],[-95.25288080001249,38.95105383202451],[-95.2528801139245,38.95095699814363],[-95.25286604924491,38.95095706231283],[-95.2528659829889,38.950948224238694],[-95.25287228921202,38.95094819612731],[-95.25287230489005,38.95095031707956],[-95.25287377092374,38.95095031036176],[-95.25287375409265,38.950948189382196],[-95.2529011446659,38.950948064262654],[-95.2529010776088,38.95093909819579],[-95.2529009321446,38.95093909925509],[-95.25290087736786,38.950931777312285],[-95.2529010239852,38.9509317762803],[-95.25290100257476,38.95092903064379],[-95.25290085595744,38.95092903167578],[-95.25290080233384,38.950921709760294],[-95.2529009477631,38.95092170960139],[-95.2529005451524,38.9508677122205],[-95.2529003985702,38.950867712352085],[-95.25290034375864,38.95086039130962],[-95.25290049037582,38.95086039027762],[-95.2529004701185,38.95085764466844],[-95.25290032350132,38.95085764570045],[-95.25290026872477,38.95085032375755],[-95.25290041534194,38.950850322725586],[-95.25290034977512,38.95084158560491],[-95.25285815580527,38.95084177811483],[-95.25285747496258,38.95075057160026],[-95.25291908045722,38.950750291110076],[-95.2529190960682,38.950752384122815],[-95.25292056209784,38.95075237740442],[-95.25292054648676,38.950750284391695],[-95.25295318004129,38.950750135694484],[-95.25295330390347,38.95076660940432],[-95.25302522008576,38.95076628207282],[-95.25302523629311,38.950768389519176],[-95.25302670116997,38.95076838277209],[-95.25302668496255,38.950766275325755],[-95.25302793050793,38.950766269690334],[-95.25302793033921,38.95076615523086],[-95.25303737986567,38.950766112368065],[-95.25303738003444,38.95076622682752],[-95.25304089618605,38.950766211005295],[-95.25304089601732,38.95076609654581],[-95.25305027167623,38.95076605373418],[-95.25305027299804,38.95076616822097],[-95.25314000894117,38.95076575925599],[-95.25314000761921,38.95076564476917],[-95.25316227739454,38.95076554335789],[-95.25316227756345,38.950765657817364],[-95.25317592835141,38.95076558110309],[-95.25317594400346,38.950767702955716],[-95.25317740888033,38.95076769620676],[-95.25317739322817,38.95076557435415],[-95.25322327934074,38.950765379984595],[-95.253222717224,38.95069017482776],[-95.25322215622664,38.950614970598224],[-95.25318330078701,38.95061514769329],[-95.25318328569296,38.95061304117466],[-95.25318182085434,38.95061304702331],[-95.25318183591328,38.95061515444235],[-95.25304907634955,38.95061575978553],[-95.2530490765183,38.95061587424505],[-95.25303970091429,38.95061591615617],[-95.25303969965934,38.95061585934926],[-95.25303618351519,38.95061587517149],[-95.25303618473517,38.9506159328788],[-95.25302680794309,38.95061597566195],[-95.25302680662125,38.95061586117515],[-95.25295218017553,38.9506162008884],[-95.25295230288418,38.95063267457114],[-95.25279258115343,38.950633401383094],[-95.25279256498632,38.95063132277666],[-95.25279110011225,38.95063132952075],[-95.25279111512621,38.9506334080999],[-95.25278442449904,38.950633438813064],[-95.2527343014363,38.95063366688696],[-95.25273485945911,38.95070842946061],[-95.25273217905423,38.95070844164629],[-95.2527321876551,38.950709586405],[-95.25273486805995,38.95070957421936],[-95.25273516231415,38.95074898362202],[-95.25273477676329,38.95074898530036],[-95.25271410112154,38.95074905050534],[-95.25271408579576,38.95075187998661],[-95.25271412394001,38.95075701606686],[-95.25271236586435,38.950757023973054],[-95.25271237598939,38.95075839677767],[-95.25271248563757,38.95075839667237],[-95.2527128107777,38.950801940723174],[-95.2527496206425,38.9508016585328],[-95.25274988307012,38.950836779155324],[-95.2527076879496,38.95083697158314],[-95.2527085242031,38.950948941487994],[-95.25275071823732,38.95094874903254],[-95.25275086663817,38.95096856957085],[-95.25273754077368,38.95096862960258],[-95.25273752509969,38.95096650865032],[-95.25273606021871,38.95096651539374],[-95.25273607589261,38.95096863634599],[-95.25270867262707,38.950968761125985],[-95.25270946723069,38.951075239783925],[-95.25273690747139,38.95107511497774],[-95.25273692426347,38.95107723685773],[-95.2527383891468,38.9510772301143],[-95.25273837350775,38.951075108261634],[-95.2527501594881,38.95107505499815],[-95.25275016881909,38.95107627006962],[-95.25274921646847,38.95107627453889],[-95.25274927122955,38.95108359648167],[-95.25275022358026,38.95108359201242],[-95.25275044355655,38.95111309339577],[-95.25275029697384,38.95111309352716],[-95.25275052305703,38.95114335839215],[-95.25276957117934,38.95115805992456],[-95.25276967359969,38.9511579785377],[-95.2527800543239,38.95116599037286],[-95.25277938514992,38.95116651885538],[-95.25278605464285,38.95117166607533],[-95.25278672381691,38.95117113759279],[-95.2527878309151,38.951171992051954],[-95.2527795137976,38.95117856226057],[-95.25277758083946,38.95117707089279],[-95.25277655087031,38.951177884624904],[-95.25277848382848,38.95117937599268],[-95.2527592240485,38.951194590994696],[-95.25285620955334,38.951269444031844],[-95.25287546933288,38.95125422901383],[-95.25287740114209,38.951255720352655],[-95.25287843111118,38.95125490661963],[-95.25287649814885,38.95125341525352],[-95.25288587140787,38.95124601119702],[-95.25290392457532,38.951259943817604],[-95.25289455128133,38.951267348775964],[-95.25289261947141,38.95126585743746],[-95.2528915895373,38.95126667027019],[-95.25289352131223,38.951268162509116],[-95.25287426268592,38.95128337755744],[-95.25297124731622,38.95135822957017]]]]},"properties":{"SDE.FloorAll.FLOORLOCATION":"4"}},{"type":"Feature","geometry":{"type":"Polygon","coordinates":[[[-95.25297120342859,38.951358230332694],[-95.25299046205443,38.95134301526837],[-95.25299239502161,38.951344506632594],[-95.25299342499063,38.951343692898554],[-95.25299149202345,38.951342201534366],[-95.25300086531719,38.95133479656819],[-95.2530108684519,38.95134251735148],[-95.253039294359,38.95132006005809],[-95.25304036222389,38.95132088474597],[-95.25304043962443,38.95132082349419],[-95.25307055327104,38.951344065805955],[-95.25308548834829,38.951332267565796],[-95.25308538411937,38.95133218759096],[-95.25311643553249,38.951307655684516],[-95.25311536766691,38.951306830997346],[-95.25312278339435,38.95130097300471],[-95.25312385129492,38.95130179679143],[-95.2531289749214,38.9512977491238],[-95.25309487545796,38.95127143113934],[-95.25308887547722,38.951276170909814],[-95.25308189445398,38.951270782909724],[-95.2530862965273,38.95126730484469],[-95.25308822949444,38.95126879620731],[-95.25308925946126,38.951267982472444],[-95.25308732649414,38.95126649110981],[-95.2531066124309,38.951251255045015],[-95.25300962783903,38.951176402244435],[-95.25299036692155,38.95119161815794],[-95.25298845191818,38.95119013983635],[-95.25298742195135,38.95119095357035],[-95.25298933814277,38.95119243101883],[-95.25298490870841,38.9511959300613],[-95.25297685983887,38.95118971736645],[-95.25298674748575,38.9511819064211],[-95.25292847233834,38.95113692978244],[-95.25293035720367,38.95113544146192],[-95.2529293150942,38.95113463721013],[-95.25292743134703,38.95113612645835],[-95.25288167390818,38.95110081012174],[-95.25288173820472,38.95110075937423],[-95.25288123170328,38.95110036885823],[-95.25288099563647,38.951081080669894],[-95.25288224118745,38.951081075036036],[-95.25288223244902,38.95107984465784],[-95.25288098689808,38.951079850291684],[-95.25288080054413,38.951054976591934],[-95.25288348096205,38.95105496440287],[-95.25288347235872,38.951053819644144],[-95.25288075612505,38.95105383278702],[-95.25288006891898,38.950956997978416],[-95.2528660042394,38.95095706214765],[-95.25286593910153,38.950948225001184],[-95.25287224535963,38.95094819598942],[-95.25287226100262,38.95095031784209],[-95.25287372588329,38.95095031109696],[-95.25287371024021,38.9509481892443],[-95.25290110077853,38.95094806502521],[-95.25290103372143,38.95093909895831],[-95.25290088713908,38.9509390990899],[-95.25290083236241,38.95093177714708],[-95.25290097894474,38.95093177701552],[-95.25290095868739,38.95092903140632],[-95.25290081210505,38.95092903153794],[-95.25290075729342,38.9509217104955],[-95.25290090391071,38.950921709463515],[-95.25290050014699,38.9508677120553],[-95.25290035352981,38.950867713087256],[-95.25290029875319,38.9508603911444],[-95.25290044533543,38.950860391012846],[-95.25290042507811,38.95085764540367],[-95.25290027849587,38.95085764553524],[-95.25290022371934,38.95085032359239],[-95.25290037030149,38.95085032346081],[-95.25290030588776,38.95084158636747],[-95.25285811079982,38.95084177794959],[-95.25285742995719,38.950750571435016],[-95.25291903660491,38.9507502909722],[-95.25291905221589,38.950752383984934],[-95.25292051709245,38.9507523772392],[-95.25292050148146,38.95075028422647],[-95.25295313615398,38.95075013645703],[-95.25295325886309,38.950766610139574],[-95.25302517623344,38.95076628193498],[-95.25302519128772,38.950768389354],[-95.25302665616462,38.950768382606945],[-95.2530266411103,38.95076627518791],[-95.25302788665564,38.95076626955251],[-95.25302788533386,38.950766155065715],[-95.25303733486032,38.95076611220294],[-95.25303733618212,38.95076622668972],[-95.25304085233373,38.9507662108675],[-95.25304085101193,38.95076609638069],[-95.2530502278239,38.95076605359633],[-95.25305022799265,38.95076616805586],[-95.25313996393584,38.950765759090885],[-95.25313996376696,38.950765644631396],[-95.25316223238912,38.95076554319276],[-95.25316223371111,38.95076565767956],[-95.25317588331102,38.95076558183839],[-95.25317589899812,38.95076770279066],[-95.25317736387493,38.95076769604169],[-95.25317734818785,38.950765575089406],[-95.25322323548842,38.95076537984684],[-95.2532226733368,38.95069017559043],[-95.25322211118635,38.95061497133351],[-95.25318325689977,38.95061514845594],[-95.25318324068773,38.95061304100962],[-95.25318177581406,38.95061304775859],[-95.2531817920261,38.95061515520493],[-95.25304903134425,38.95061575962041],[-95.25304903266611,38.950615874107214],[-95.25303965587405,38.950615916891415],[-95.25303965580716,38.950615859211496],[-95.25303613962802,38.95061587593407],[-95.25303613972986,38.95061593271361],[-95.25302676293778,38.950615975496774],[-95.25302676276908,38.95061586103731],[-95.25295213517023,38.95061620072322],[-95.25295225903199,38.95063267443327],[-95.25279253611312,38.95063340211824],[-95.2527925210991,38.95063132353916],[-95.25279105507195,38.95063133025596],[-95.25279107123905,38.95063340886233],[-95.25278438064686,38.95063343867514],[-95.252734256396,38.95063366762208],[-95.25273481441876,38.95070843019574],[-95.25273213401395,38.95070844238141],[-95.25273214264978,38.95070958623978],[-95.25273482305464,38.95070957405409],[-95.25273511730877,38.95074898345674],[-95.25273473291102,38.9507489851624],[-95.25271405608115,38.95074905124042],[-95.25271404075538,38.95075188072175],[-95.2527140800877,38.95075701592895],[-95.25271232085903,38.95075702380778],[-95.25271233213707,38.950758396639756],[-95.2527124417853,38.950758396534425],[-95.2527127669254,38.95080194058525],[-95.2527495756371,38.950801658367524],[-95.25274983802969,38.950836779890494],[-95.25270764409728,38.95083697144518],[-95.2527084791976,38.9509489413227],[-95.25275067434994,38.950948749795025],[-95.25275082163265,38.95096856940564],[-95.25273749573317,38.950968630337734],[-95.25273748009423,38.95096650848505],[-95.25273601521319,38.95096651522847],[-95.25273603085213,38.95096863708115],[-95.2527086275866,38.95096876186107],[-95.2527094221901,38.95107524051907],[-95.25273686358392,38.951075115740224],[-95.25273687925788,38.95107723669247],[-95.2527383441062,38.95107723084948],[-95.25273832846717,38.951075108996804],[-95.25275011563564,38.95107505486021],[-95.25275012377851,38.951076270804805],[-95.25274917142794,38.95107627527406],[-95.25274922622401,38.95108359631641],[-95.25275017853969,38.95108359274758],[-95.25275039855094,38.95111309323055],[-95.25275025308632,38.95111309428965],[-95.2527504780164,38.95114335912733],[-95.2527695261737,38.95115805975933],[-95.25276962974718,38.95115797839978],[-95.25278001047138,38.95116599023495],[-95.25277934126234,38.95116651961785],[-95.2527860096022,38.95117166681049],[-95.25278667881126,38.951171137427515],[-95.25278778590945,38.95117199188673],[-95.25277946875696,38.951178562995686],[-95.25277753695188,38.951177071655216],[-95.2527765070178,38.95117788448698],[-95.25277843878789,38.951179376727836],[-95.252759180161,38.95119459175713],[-95.25285616454768,38.95126944386665],[-95.25287542432716,38.95125422884867],[-95.25287735610144,38.95125572108784],[-95.25287838607048,38.95125490735483],[-95.25287645426124,38.95125341601602],[-95.25288582640218,38.95124601103179],[-95.25290387956959,38.95125994365239],[-95.25289450742869,38.95126734863811],[-95.25289257446568,38.951265857272276],[-95.25289154449662,38.95126667100536],[-95.25289347745965,38.951268162371214],[-95.25287421768024,38.95128337739221],[-95.25297120342859,38.951358230332694]]]},"properties":{"SDE.FloorAll.FLOORLOCATION":"5"}},{"type":"Feature","geometry":{"type":"MultiPolygon","coordinates":[[[[-95.25320078621459,38.95117871264136],[-95.25328447151558,38.95117833142874],[-95.25328448016036,38.95117947528699],[-95.25328594504575,38.951179468536665],[-95.25328593755398,38.951178324705744],[-95.2534207748267,38.95117771061063],[-95.25342078347371,38.9511788544689],[-95.25342224835903,38.95117884771683],[-95.25342223971198,38.951177703858576],[-95.25350944237066,38.95117730577667],[-95.25350922596033,38.9511484768],[-95.25353988343257,38.951148336995814],[-95.25353996571462,38.95115931945921],[-95.25358490720824,38.95115911517991],[-95.25358483506129,38.95114950552108],[-95.25359813674413,38.95114944481836],[-95.25359814539404,38.95115058867659],[-95.25359961027873,38.95115058192229],[-95.25359960162888,38.95114943806406],[-95.25362878729803,38.95114930482674],[-95.25362797102366,38.95104008056673],[-95.2535987854345,38.951040212903436],[-95.25359877678463,38.95103906904516],[-95.25359731190223,38.95103907579944],[-95.25359732055209,38.95104021965773],[-95.25358401773664,38.951040280333046],[-95.25358389050417,38.95102320633259],[-95.25359719216327,38.95102314563002],[-95.25359720081313,38.951024289488224],[-95.25359866569522,38.951024282734004],[-95.25359865704539,38.951023138875705],[-95.25362784266242,38.95102300563866],[-95.25362702639097,38.95091378137747],[-95.25359784081897,38.95091391461433],[-95.25359783332225,38.95091277078339],[-95.25359636728933,38.950912777510354],[-95.25359637593917,38.9509139213686],[-95.25358307360489,38.95091391085797],[-95.25358294595044,38.95089690714285],[-95.25359624758579,38.95089684644034],[-95.25359625620064,38.95089799119903],[-95.25359772223325,38.95089798447206],[-95.25359771358339,38.95089684061381],[-95.25362689799522,38.95089670734963],[-95.25362608172667,38.95078748308739],[-95.25359689739491,38.950787615450885],[-95.2535968887451,38.950786471592636],[-95.25359542386786,38.95078647834688],[-95.25359543136459,38.95078762217785],[-95.25358212974976,38.95078768288026],[-95.2535815892282,38.95072034863594],[-95.25358430660208,38.95072033550398],[-95.25358429795246,38.95071919164567],[-95.25358161754738,38.95071920385099],[-95.25358154905187,38.950710005236466],[-95.25360414667026,38.950709901593704],[-95.25360409317734,38.95070272297786],[-95.25360367184616,38.95070272471272],[-95.25360334383384,38.95065879488507],[-95.25360376516475,38.950658793150204],[-95.25360357439541,38.950633224508394],[-95.25364602450354,38.95063303058818],[-95.2536452070554,38.95052380629635],[-95.25361602279752,38.95052393956514],[-95.25361601414741,38.950522795706824],[-95.25361454927565,38.95052280246132],[-95.25361455792573,38.95052394631965],[-95.25360125520743,38.95052400699693],[-95.25360125451175,38.950523935783735],[-95.25360112866741,38.95050700420896],[-95.25361446684953,38.950506921841324],[-95.25361447511742,38.95050801612324],[-95.25361593998882,38.950508009368725],[-95.25361593182586,38.95050691238563],[-95.25364507980906,38.950506732295345],[-95.25364426236384,38.95039750800239],[-95.25361507819306,38.950397640370525],[-95.25361506954299,38.950396496512234],[-95.25361360467384,38.95039650326666],[-95.2536136133239,38.950397647125],[-95.25360031062937,38.95039770780218],[-95.25360000867101,38.950357296068276],[-95.25362110549294,38.950357200130505],[-95.25362084270306,38.950322107448144],[-95.25360853621515,38.95032216378746],[-95.25360845850948,38.95031177623993],[-95.25360992452988,38.95031176951283],[-95.25360991587989,38.95031062565453],[-95.25360845101258,38.95031063240895],[-95.25360828038586,38.95028784271758],[-95.25346840375194,38.950288480899395],[-95.2534685731469,38.95031124172374],[-95.25346710827952,38.950311248476346],[-95.25346711692717,38.9503123923347],[-95.25346858179462,38.95031238558204],[-95.25346865954832,38.95032280106922],[-95.25344679394563,38.95032290039536],[-95.25344671622874,38.950312513748145],[-95.25344818109616,38.95031250699575],[-95.2534481724488,38.950311363137445],[-95.25344670758139,38.95031136988982],[-95.2534465370068,38.9502885801982],[-95.25330666036996,38.950289218184935],[-95.25330683086594,38.95031197903685],[-95.25330536599859,38.950311985787394],[-95.25330537349052,38.950313129618436],[-95.25330683951103,38.950313122895146],[-95.25330691724098,38.950323538382435],[-95.25328505048472,38.950323637650776],[-95.25328497275804,38.950313222163444],[-95.2532864376255,38.95031321541317],[-95.25328643013381,38.950312071582104],[-95.2532849641133,38.95031207830511],[-95.2532847947775,38.95028931748057],[-95.25314491813774,38.95028995527223],[-95.25314508742858,38.95031271609704],[-95.25314362256114,38.95031272284556],[-95.2531436312036,38.95031386670392],[-95.253145096071,38.95031385995534],[-95.2531451737771,38.950324275442746],[-95.25313286732343,38.950324330831215],[-95.25313312987113,38.95035942351461],[-95.25314016213386,38.950359391864254],[-95.25314077704758,38.95044176030567],[-95.25318051083185,38.95044157970474],[-95.25318052651896,38.95044370065702],[-95.25318199250721,38.950443694835705],[-95.25318197570192,38.95044157295572],[-95.25329980341701,38.95044103637687],[-95.2532998191077,38.95044315732913],[-95.25330128397779,38.950443150578586],[-95.25330126828705,38.95044102962634],[-95.25341778470003,38.950440497909156],[-95.25341770650026,38.95043006438681],[-95.253420423828,38.950430052159106],[-95.25342041521607,38.950428907400365],[-95.25341769785337,38.950428920528516],[-95.25341766188323,38.9504240242267],[-95.25347117279772,38.95042378059153],[-95.2534713071968,38.95044167938344],[-95.25346862680225,38.95044169158609],[-95.25346863544993,38.950442835444385],[-95.25347131584456,38.95044282324172],[-95.25347148482241,38.95046556513013],[-95.253450387933,38.9504656619411],[-95.253450495447,38.95048000476687],[-95.25345064206338,38.95048000373424],[-95.25345077200853,38.95049739322899],[-95.25345062542705,38.95049739336126],[-95.25345088639224,38.9505323526211],[-95.25344817021366,38.95053236487684],[-95.25344817882602,38.95053350963556],[-95.25345089503968,38.9505334964794],[-95.25345115243357,38.95056786445149],[-95.25345129901514,38.95056786431921],[-95.25345142899555,38.95058525291348],[-95.25345128237893,38.95058525394618],[-95.25345170791513,38.950642177233114],[-95.25344899057923,38.95064218946159],[-95.25344899922666,38.95064333331988],[-95.2534517165626,38.95064332109144],[-95.253451906965,38.950668838356265],[-95.25344494853907,38.950668869973114],[-95.25344497676926,38.95067268822737],[-95.25344493983556,38.95067268825358],[-95.2534450626591,38.950689161935706],[-95.25344533550235,38.95072562742195],[-95.25344405417704,38.9507256331154],[-95.25344406296017,38.95072686259322],[-95.25344530850481,38.95072685695334],[-95.25344557220983,38.950762220927096],[-95.25343150756949,38.9507622851649],[-95.25343161504517,38.950776628890786],[-95.25343176166218,38.95077662785811],[-95.25343181649372,38.95078394980074],[-95.25343174377923,38.950783949880524],[-95.25343176405715,38.95078669548965],[-95.25343183677164,38.95078669540985],[-95.25343189163816,38.95079401645209],[-95.25343174502112,38.95079401748478],[-95.25343182239209,38.95080429417407],[-95.25342910504995,38.950804306402055],[-95.25342911369707,38.95080545026037],[-95.2534318310392,38.95080543803235],[-95.25343251505268,38.950896997880555],[-95.25342979770703,38.95089701010855],[-95.25342980635412,38.95089815396684],[-95.25343252369987,38.95089814173883],[-95.25343283737053,38.950940150720214],[-95.25345393440162,38.950940053912504],[-95.25345443326734,38.95100189240878],[-95.25345171707075,38.9510019046646],[-95.25345172568325,38.95100304942327],[-95.25345440609911,38.951003037220985],[-95.25345469828406,38.95104224288568],[-95.25339394219081,38.95104254829565],[-95.25339392649711,38.95104042734351],[-95.25339246046154,38.95104043406786],[-95.25339247608663,38.95104252708047],[-95.25331679872453,38.95104287188206],[-95.25331667477711,38.95102639817294],[-95.25326371982582,38.951026638697556],[-95.25326370413609,38.951024517745324],[-95.2532622392539,38.951024524495374],[-95.25326225494365,38.95102664544763],[-95.25320140990146,38.95102692341476],[-95.25320190212463,38.95109281816957],[-95.25316569682627,38.9510929832523],[-95.25316568669237,38.95109161044778],[-95.25316392860856,38.95109161836077],[-95.25316392874399,38.95109170398032],[-95.25314398605413,38.95109179474112],[-95.2531442674532,38.951129461765106],[-95.2531642101886,38.951129370103864],[-95.25316420998469,38.95112925654479],[-95.25320041530163,38.95112909146248],[-95.25320078621459,38.95117871264136]]],[[[-95.25323558411672,38.95062989668326],[-95.25323559272422,38.95063107118235],[-95.25323573123435,38.950631070859124],[-95.25323581317338,38.95063107099801],[-95.2532358858877,38.95063107091834],[-95.25323610521875,38.950631069806285],[-95.25324006117867,38.950631051781215],[-95.25324028050971,38.95063105066916],[-95.253240353259,38.9506310496891],[-95.25324042709143,38.950631050537154],[-95.2532405748612,38.95063104953204],[-95.25324056513551,38.95062987410527],[-95.25323558411672,38.95062989668326]]],[[[-95.25337766067183,38.950661769374655],[-95.25337766108605,38.95066187753138],[-95.25337766206134,38.950661941541384],[-95.25337767129811,38.95066315931404],[-95.25337767970092,38.95066427973477],[-95.2533776882044,38.950665486675355],[-95.25337768827157,38.950665544355324],[-95.2533776895589,38.9506656597425],[-95.25337917637722,38.95066565260965],[-95.25337914745514,38.95066176314217],[-95.25337766067183,38.950661769374655]]],[[[-95.25333469545647,38.95070284404004],[-95.25341622734415,38.95070247210974],[-95.25337522356023,38.95067081760514],[-95.25333469545647,38.95070284404004]]],[[[-95.25232475340134,38.95070558865591],[-95.25232478226549,38.95070947812362],[-95.25232626908483,38.95070947100426],[-95.25232626863728,38.95070936374792],[-95.2523262676629,38.95070929973792],[-95.25232625844424,38.95070808196517],[-95.25232625005812,38.95070696154436],[-95.25232624157255,38.950705754603696],[-95.25232624269435,38.950705696050676],[-95.2523262402206,38.95070558153654],[-95.25232475340134,38.95070558865591]]],[[[-95.25262835328571,38.9507264020965],[-95.25262923288223,38.95072639860793],[-95.25263107062501,38.95072638988725],[-95.2526310619908,38.95072524602891],[-95.25262922428306,38.95072525384918],[-95.25262834465161,38.95072525823813],[-95.25262834597274,38.95072537272494],[-95.25262830903897,38.950725372750945],[-95.25262831618394,38.95072628766298],[-95.25262835196459,38.95072628760971],[-95.25262835328571,38.9507264020965]]],[[[-95.2526201992661,38.95073441901828],[-95.25262020339757,38.950734876938164],[-95.25262144778935,38.95073487127977],[-95.25262144481098,38.95073441338723],[-95.2526201992661,38.95073441901828]]],[[[-95.25262551564084,38.95075106895377],[-95.25262551861928,38.950751526846304],[-95.25262839410732,38.95075151387878],[-95.25262839112891,38.95075105598623],[-95.25262551564084,38.95075106895377]]],[[[-95.2523262243649,38.95090778078329],[-95.25243222421138,38.950907298195595],[-95.25243171307044,38.9508373654857],[-95.25243178008587,38.95083742294986],[-95.25243188878567,38.9508375066362],[-95.25249457139573,38.95078798736529],[-95.25252399027434,38.950764746233915],[-95.25252388157455,38.950764662547684],[-95.25252369219724,38.95076451656746],[-95.25252277340286,38.95076380625781],[-95.25252419093313,38.950763800197464],[-95.25252419079845,38.95076371457799],[-95.25252492266033,38.950763711193964],[-95.25253474505371,38.950763666393854],[-95.25253547691557,38.95076366300976],[-95.25255657501329,38.95076356729298],[-95.25255730687516,38.950763563908744],[-95.25256346073448,38.950763535808704],[-95.25256419259634,38.950763532424425],[-95.25258528954086,38.95076343667509],[-95.25258602255578,38.950763433318016],[-95.25259217526204,38.95076340518909],[-95.25259290827701,38.95076340183197],[-95.25261400522143,38.950763306077405],[-95.25261473823636,38.95076330272012],[-95.25261965462191,38.95076328043936],[-95.25262038763682,38.95076327708205],[-95.25262038677408,38.95076309140938],[-95.25262037470333,38.95076156084435],[-95.25261964168836,38.95076156420164],[-95.252614725303,38.950761586482415],[-95.25261399228803,38.95076158983968],[-95.25259289534412,38.95076168559422],[-95.25259216348226,38.95076168897869],[-95.25258600962313,38.950761717080276],[-95.25258527660817,38.95076172043735],[-95.25256417966415,38.950761816186706],[-95.25256344780232,38.95076181957097],[-95.25255729394314,38.95076184767102],[-95.25255656208128,38.95076185105524],[-95.25253546510221,38.95076194769977],[-95.2525347320873,38.95076195105652],[-95.25252867983968,38.950761977958216],[-95.2525249801024,38.95076199572276],[-95.25252490969415,38.95076199585664],[-95.25252457725519,38.950761996990515],[-95.25252457420747,38.950761540898725],[-95.2525244156495,38.950740261035236],[-95.25252441151864,38.95073980311533],[-95.25252437401106,38.950734769789335],[-95.25252437103327,38.95073431189679],[-95.2525241895558,38.95071005835073],[-95.25252418654307,38.950709601358554],[-95.25252400506572,38.950685347812424],[-95.25252400205294,38.95068489082023],[-95.2525234895231,38.950684893093566],[-95.25252319632446,38.95068489425618],[-95.2525226837946,38.9506848965295],[-95.25252268677234,38.95068535442205],[-95.25252286828422,38.95070960706775],[-95.25252287126199,38.95071006496035],[-95.25252305162088,38.950734317578686],[-95.25252305575174,38.95073477549853],[-95.25252309325927,38.95073980882455],[-95.25252309623697,38.95074026671714],[-95.25252325479457,38.9507615465806],[-95.25252325892542,38.950762004500504],[-95.25252257786937,38.95076200728613],[-95.25252236084411,38.95076200845148],[-95.25252141303078,38.950762757437644],[-95.2524945410963,38.950783986112036],[-95.25245680865967,38.95081379480234],[-95.252431186871,38.95076627614754],[-95.2524311786238,38.950765716291734],[-95.25241699287275,38.950765778437486],[-95.25241699286549,38.95076589739891],[-95.25241699515895,38.950766105636134],[-95.25240302171576,38.950766169206894],[-95.25240302057541,38.95076596099703],[-95.25240301942964,38.950765842008245],[-95.25233031481174,38.95076617279841],[-95.25232711030837,38.95076618787426],[-95.25232669128293,38.950766189659156],[-95.25232516703868,38.95076620940994],[-95.25232584067777,38.950857702362406],[-95.25216744015316,38.95085842268839],[-95.25216744126358,38.95085854257757],[-95.25216744243822,38.95085874988705],[-95.25216746173932,38.95086125214374],[-95.2521835961276,38.950861179436664],[-95.25216755600312,38.95087385079293],[-95.25216774539234,38.95089923376392],[-95.25216776354041,38.95090173599333],[-95.25216776468004,38.950901944203196],[-95.25216776582542,38.95090206319196],[-95.25232616298857,38.95090134278358],[-95.2523262243649,38.95090778078329]]],[[[-95.25297126926006,38.95135822918886],[-95.2529905278859,38.95134301412455],[-95.25299246081808,38.95134450638911],[-95.25299349078709,38.95134369265514],[-95.25299155781991,38.95134220129093],[-95.25300093111365,38.951334796324765],[-95.25301093424835,38.95134251710798],[-95.25303936015546,38.9513200598146],[-95.25304042802033,38.95132088450248],[-95.25304050542087,38.951320823250725],[-95.2530706191025,38.951344064662095],[-95.25308555299159,38.95133226729499],[-95.25308544879773,38.95133218641974],[-95.2531165013639,38.95130765454063],[-95.25311543346335,38.95130683075381],[-95.25312284922578,38.95130097186079],[-95.25312391709134,38.951301796547924],[-95.25312904071781,38.95129774888031],[-95.25309494125437,38.95127143089585],[-95.25308894130862,38.951276169765904],[-95.25308196028541,38.95127078176584],[-95.25308636235869,38.95126730370078],[-95.25308829532582,38.95126879506343],[-95.25308932529263,38.95126798132852],[-95.25308739232551,38.95126648996596],[-95.25310667826226,38.9512512539011],[-95.25300969367032,38.95117640110061],[-95.25299043275287,38.9511916170141],[-95.2529885177495,38.95119013869251],[-95.25298748778266,38.951190952426515],[-95.25298940278596,38.951192430748115],[-95.25298497453973,38.95119592891746],[-95.25297692567018,38.95118971622261],[-95.25298681216397,38.95118190524996],[-95.25292853813461,38.95113692953906],[-95.25293042299994,38.95113544121853],[-95.2529293808905,38.951134636966714],[-95.25292749602517,38.951136125287206],[-95.25288173855134,38.951100809851006],[-95.25288180400095,38.95110075913085],[-95.25288129749953,38.951100368614895],[-95.25288106146769,38.951081079526126],[-95.25288230701868,38.95108107389224],[-95.25288229824524,38.95107984441445],[-95.25288105269435,38.9510798500483],[-95.25288086637534,38.95105497544818],[-95.25288354679326,38.95105496325908],[-95.25288353815493,38.95105381940076],[-95.25288082195624,38.951053831643264],[-95.25288013471511,38.95095699773506],[-95.25286607003551,38.95095706190427],[-95.25286600493261,38.95094822385743],[-95.25287231115573,38.95094819574604],[-95.25287232683371,38.95095031669833],[-95.25287379171439,38.95095030995319],[-95.25287377603632,38.950948189000954],[-95.25290116660963,38.95094806388141],[-95.2529010995525,38.95093909781451],[-95.25290095293516,38.950939098846526],[-95.2529008981585,38.95093177690367],[-95.25290104477583,38.95093177587172],[-95.25290102451847,38.950929030262564],[-95.25290087790114,38.950929031294514],[-95.25290082312448,38.950921709351725],[-95.25290096970679,38.95092170922014],[-95.25290056594301,38.950867711811895],[-95.25290041936081,38.9508677119435],[-95.25290036454926,38.950860390901056],[-95.25290051116643,38.95086038986905],[-95.25290049090911,38.95085764425986],[-95.25290034429194,38.95085764529184],[-95.25290028951534,38.95085032334897],[-95.25290043613249,38.95085032231701],[-95.2529003705657,38.95084158519634],[-95.25285817659584,38.95084177770619],[-95.25285749575318,38.950750571191655],[-95.25291910240081,38.95075029072879],[-95.25291911801185,38.95075238374155],[-95.25292058288838,38.95075237699584],[-95.25292056727736,38.95075028398312],[-95.25295320198488,38.95075013531323],[-95.25295332469406,38.95076660899575],[-95.25302524087628,38.950766281664194],[-95.25302525708365,38.950768389110515],[-95.25302672196057,38.95076838236348],[-95.25302670690623,38.950766274944435],[-95.2530279512985,38.95076626928174],[-95.25302795112981,38.95076615482227],[-95.25303740065625,38.95076611195946],[-95.25303740197805,38.950766226446234],[-95.2530409181297,38.95076621062402],[-95.25304091680786,38.95076609613724],[-95.25305029361984,38.950766053352886],[-95.25305029378858,38.9507661678124],[-95.25314002973177,38.95076575884739],[-95.25314002840976,38.95076564436058],[-95.25316229818506,38.95076554294922],[-95.25316229835397,38.9507656574087],[-95.25317594914195,38.950765580694444],[-95.25317596479405,38.95076770254709],[-95.25317742967087,38.95076769579813],[-95.25317741401875,38.950765573945475],[-95.25322330128435,38.95076537960326],[-95.25322285131476,38.950705287929736],[-95.25322283652557,38.95070335174975],[-95.25322324636095,38.95070334884272],[-95.25326659913509,38.95070315301505],[-95.25329788142963,38.950678432773714],[-95.2532979217862,38.950678463470254],[-95.2532975800752,38.95063272275319],[-95.2532390139757,38.95063299254029],[-95.25323725590322,38.95063300045444],[-95.25322270412683,38.95063306754437],[-95.25322231284619,38.9506330681874],[-95.25322229805708,38.950631132007395],[-95.25322217701711,38.95061497018953],[-95.25318332273055,38.95061514731198],[-95.2531833064835,38.95061304076603],[-95.25318184164483,38.950613046614656],[-95.25318185670378,38.95061515403367],[-95.25304909714004,38.95061575937693],[-95.25304909846189,38.95061587386374],[-95.25303972170482,38.95061591574755],[-95.25303972160295,38.95061585896801],[-95.25303620545881,38.9506158747902],[-95.25303620552565,38.95061593247013],[-95.25302682873357,38.95061597525331],[-95.25302682856487,38.95061586079383],[-95.25295220096602,38.950616200479864],[-95.2529523248278,38.95063267418989],[-95.25279260194391,38.95063340097455],[-95.25279258577683,38.95063132236812],[-95.25279112090276,38.95063132911223],[-95.25279113706985,38.95063340771862],[-95.25278761166507,38.95063342421513],[-95.25278719264041,38.95063342600162],[-95.25278444528958,38.950633438404495],[-95.2527343222268,38.95063366647837],[-95.25273488024963,38.950708429052064],[-95.25273219984483,38.95070844123771],[-95.25273220844565,38.95070958599644],[-95.25273488885053,38.950709573810826],[-95.25273518310469,38.950748983213444],[-95.25273479870694,38.95074898491913],[-95.25271412191205,38.95074905009679],[-95.25270960260922,38.950749070976514],[-95.25262852550513,38.95074943967043],[-95.25262852768903,38.95074973982988],[-95.25262854366947,38.95075194189974],[-95.25262854596353,38.950752150136935],[-95.25262854710972,38.95075226912574],[-95.25270542585706,38.95075191900335],[-95.25270543365941,38.9507529655097],[-95.252710414687,38.95075294295453],[-95.25271040691962,38.95075189554772],[-95.25271410658628,38.95075187957807],[-95.25271414473053,38.95075701565832],[-95.25271238665496,38.95075702356452],[-95.25271239677991,38.95075839636913],[-95.25271250758124,38.95075839629109],[-95.25271283272136,38.95080194034196],[-95.25274964143306,38.95080165812424],[-95.2527499038607,38.950836778746805],[-95.25270770989329,38.95083697120188],[-95.25270854499371,38.9509489410794],[-95.25275073902792,38.95094874862401],[-95.25275088742876,38.9509685691623],[-95.25273756156426,38.95096862919404],[-95.25273754589033,38.9509665082418],[-95.2527360810093,38.950966514985154],[-95.25273609668326,38.95096863593746],[-95.25270869341772,38.95096876071741],[-95.25270948802131,38.951075239375385],[-95.25273692941515,38.95107511459654],[-95.2527369450541,38.951077236449166],[-95.25273840993744,38.95107722970576],[-95.25273839429836,38.9510751078531],[-95.25275018027871,38.95107505458957],[-95.25275018960973,38.9510762696611],[-95.25274923725915,38.95107627413033],[-95.25274929202023,38.95108359607313],[-95.2527502443709,38.95108359160387],[-95.25275046434719,38.951113092987235],[-95.25275031776445,38.951113093118636],[-95.25275054384767,38.95114335798362],[-95.25276959197004,38.95115805951601],[-95.25276969439034,38.95115797812917],[-95.25278007626768,38.95116598999164],[-95.25277940594057,38.95116651844682],[-95.25278607543359,38.95117166566679],[-95.25278674460758,38.951171137184225],[-95.25278785170575,38.95117199164341],[-95.25277953458827,38.95117856185198],[-95.2527776027832,38.95117707051151],[-95.2527765728141,38.951177884243634],[-95.25277850461919,38.9511793755841],[-95.25275924599231,38.951194590613426],[-95.25285623034408,38.95126944362327],[-95.25287549012356,38.95125422860525],[-95.2528774219328,38.95125571994408],[-95.25287845190186,38.95125490621107],[-95.25287652009261,38.95125341487225],[-95.25288589219855,38.95124601078841],[-95.25290394536599,38.951259943409006],[-95.25289457207201,38.9512673483674],[-95.25289264026208,38.951265857028865],[-95.25289161032804,38.95126666986162],[-95.25289354325605,38.951268162127874],[-95.25287428347666,38.95128337714885],[-95.25297126926006,38.95135822918886]]]]},"properties":{"SDE.FloorAll.FLOORLOCATION":"ROOF"}}]}
