{"type":"FeatureCollection","features":[{"type":"Feature","geometry":{"type":"Polygon","coordinates":[[[-95.25568822097344,38.95545909026083],[-95.25446223483513,38.95546545150579],[-95.25446474759718,38.95576103389946],[-95.25579439453297,38.95575413401386],[-95.25604001820054,38.95567010173521],[-95.25588401548085,38.955392106111574],[-95.25568822097344,38.95545909026083]]]},"properties":{"SDE.FloorAll.FLOORLOCATION":"-1"}},{"type":"Feature","geometry":{"type":"Polygon","coordinates":[[[-95.25446432323857,38.955755347945235],[-95.25466582407411,38.955754989591874],[-95.25466582342274,38.95575456059407],[-95.25468428430807,38.95575452727988],[-95.25468428611269,38.955754956304965],[-95.25476956071168,38.955754804386444],[-95.25476955794551,38.95575374628471],[-95.25478801883057,38.955753712954],[-95.25478802159698,38.955754771055716],[-95.25488032941293,38.955754606240674],[-95.25488032664508,38.955753548138965],[-95.25489878749507,38.955753515691],[-95.25489879026313,38.955754573792724],[-95.2550095601168,38.95575437555079],[-95.25500955619393,38.95575331742178],[-95.25502801819694,38.95575328498055],[-95.25502802096695,38.955754343082255],[-95.25512032878173,38.95575417807617],[-95.2551203248572,38.9557531199472],[-95.25513878689507,38.95575308658792],[-95.25513878966673,38.95575414468963],[-95.25578838300478,38.955752982358526],[-95.25578837639293,38.95575092290735],[-95.25579348200843,38.95575022724291],[-95.25655616330953,38.955492385103405],[-95.25655511592561,38.955490494788656],[-95.25655719274346,38.95548974184255],[-95.25653712846554,38.95545356062536],[-95.25652418599462,38.95545793622693],[-95.25638165162606,38.95520090431122],[-95.25613746793017,38.955283456390916],[-95.25614796270102,38.95530235196384],[-95.25577651703051,38.95542792774591],[-95.25576505793495,38.955407264545045],[-95.25576202523912,38.95540828955224],[-95.25576412115034,38.95541206932302],[-95.25576271763819,38.95541254439293],[-95.25576740464562,38.95542099524873],[-95.25572020998051,38.95543695005335],[-95.25571549072451,38.95542846779066],[-95.25571403814966,38.95542895792075],[-95.25571195691671,38.95542521634777],[-95.25570892418443,38.955426242254035],[-95.25572041485657,38.955446894492205],[-95.255688879628,38.95545755484604],[-95.25566008087208,38.95545760677845],[-95.25566007735988,38.955456478363956],[-95.25565835627874,38.95545648178587],[-95.25565828994313,38.95543425875727],[-95.25542972039764,38.95543466838272],[-95.25542978790465,38.95545769172707],[-95.25463155284307,38.95545911754918],[-95.25463147563667,38.95543257649351],[-95.25462444248626,38.95543258839828],[-95.2546244524103,38.95543610700958],[-95.25447148635055,38.955436379019034],[-95.25447147639916,38.955432861308175],[-95.25440880229087,38.95543297321795],[-95.25440880940454,38.955435553589275],[-95.2544140845734,38.955435544227164],[-95.25441408965014,38.95543737473231],[-95.25443295444478,38.95543734111146],[-95.25443295645289,38.95543791343591],[-95.25443323118562,38.95543791273199],[-95.25443325869074,38.95544745643883],[-95.25443298395791,38.9554474571428],[-95.25443298600106,38.95544802856687],[-95.25443326069886,38.955448028763314],[-95.25443330130797,38.955461870715276],[-95.25443302657514,38.9554618714192],[-95.25443302858328,38.955462443743706],[-95.25443330331609,38.95546244303973],[-95.2544333438903,38.95547628589208],[-95.25443306915737,38.955476286596046],[-95.25443307004733,38.95547685799281],[-95.25443334474528,38.95547685818924],[-95.25443338535442,38.95549070014123],[-95.25443311062143,38.955490700845154],[-95.25443311262961,38.95549127316959],[-95.25443338736255,38.955491272465665],[-95.25443340882474,38.95549859451347],[-95.25443313409173,38.955498595217456],[-95.25443313498167,38.95549916661422],[-95.25443526005625,38.95549916286379],[-95.25443526496258,38.95550087890949],[-95.2544331410411,38.95550088268725],[-95.25443314189609,38.955501454984386],[-95.25443341662906,38.95550145428046],[-95.25443343625602,38.95550825898249],[-95.25443316152302,38.95550825968647],[-95.2544332636205,38.95554292406055],[-95.25443353835365,38.955542923356596],[-95.2544335578757,38.95554973075983],[-95.25443288030307,38.9555497318378],[-95.25443288234617,38.95555030326187],[-95.2544144203609,38.95555033650873],[-95.25441442543767,38.955552167013856],[-95.25440915026013,38.95555217637604],[-95.25440916070592,38.955555443558545],[-95.2544637386104,38.95555534630589],[-95.25446374065373,38.95555591772996],[-95.25446364944878,38.955555918273866],[-95.25446368079895,38.955566640871886],[-95.25446377196901,38.955566641228366],[-95.2544637740124,38.95556721265249],[-95.25446368165419,38.955567213169026],[-95.25446372223435,38.95558105602127],[-95.25446381459255,38.955581055504695],[-95.25446381544778,38.955581627801834],[-95.25446372424274,38.95558162834572],[-95.25446376485792,38.95559547029758],[-95.25446385602797,38.95559547065404],[-95.25446385803635,38.955596042978485],[-95.25446376686631,38.95559604262202],[-95.2544638074465,38.95560988547421],[-95.25446389865158,38.9556098849303],[-95.25446390065996,38.955610457254735],[-95.25446380830172,38.95561045777135],[-95.25446384888193,38.95562430062353],[-95.25446394008704,38.95562430007964],[-95.25446394209541,38.95562487240408],[-95.25446385092529,38.955624872047615],[-95.25446389150557,38.95563871489975],[-95.25446398271063,38.955638714355814],[-95.25446398471907,38.95563928668032],[-95.25446389236079,38.95563928719692],[-95.25446393294101,38.955653130049036],[-95.25446402529931,38.95565312953243],[-95.25446402615457,38.955653701829604],[-95.25446393498439,38.95565370147309],[-95.25446397556463,38.95566754432524],[-95.2544640667698,38.955667543781324],[-95.25446406877819,38.95566811610577],[-95.25446397757308,38.9556681166497],[-95.25446401700019,38.95568195947449],[-95.25446410935852,38.955681958957875],[-95.25446411021377,38.95568253125503],[-95.25446401904355,38.95568253089857],[-95.25446405962384,38.9556963737506],[-95.25446415079406,38.95569637410714],[-95.25446415283741,38.95569694553118],[-95.25446406163222,38.955696946075086],[-95.25446407697135,38.9557024348892],[-95.25446416929474,38.95570243527301],[-95.25446417876664,38.95570563844545],[-95.25447476842231,38.95570561884363],[-95.25447479936125,38.955716144063764],[-95.2544642085858,38.95571616273795],[-95.25446432323857,38.955755347945235]]]},"properties":{"SDE.FloorAll.FLOORLOCATION":"1"}},{"type":"Feature","geometry":{"type":"Polygon","coordinates":[[[-95.25446474759718,38.95576103389946],[-95.25455459980617,38.9557606462702],[-95.25455459684912,38.95576021721781],[-95.25455532988083,38.955760214748736],[-95.25455532779166,38.95575997136891],[-95.25457232436364,38.955759897990994],[-95.2545723252997,38.95576014134348],[-95.2545730583664,38.95576013797383],[-95.25457306132355,38.955760567026225],[-95.25466624633228,38.95576016540279],[-95.25466624337453,38.95575973635044],[-95.25466697644123,38.955759732980184],[-95.25466697431669,38.95575949050078],[-95.25468397088842,38.95575941710651],[-95.25468397182489,38.95575966045903],[-95.25468470489156,38.95575965708865],[-95.25468470784942,38.955760086141034],[-95.25473305855304,38.95575987735702],[-95.25473307171026,38.955761708053245],[-95.25473959190802,38.95576167948933],[-95.25473957871567,38.95575984969353],[-95.25478192178802,38.95575966717002],[-95.25478193498145,38.955761496965785],[-95.25478845514425,38.955761469299574],[-95.25478844198558,38.95575963860336],[-95.25489268980519,38.955759189616785],[-95.2548927030015,38.9557610194126],[-95.2548992231642,38.955760991740114],[-95.25489921000269,38.95575916104389],[-95.25493613188262,38.95575900241601],[-95.25493614508007,38.95576083221179],[-95.25494266524268,38.95576080453687],[-95.25494265208005,38.9557589738407],[-95.25500997686513,38.95575868335141],[-95.2550099900295,38.95576051404759],[-95.25501651019208,38.95576048636851],[-95.25501649702753,38.955758655672355],[-95.25505884125161,38.95575847307497],[-95.25505885326412,38.955760303743865],[-95.25506537346162,38.955760275161644],[-95.25506536144896,38.9557584444928],[-95.25512074487925,38.95575820558042],[-95.2551207580465,38.95576003627658],[-95.25512727820897,38.95576000859128],[-95.25512726504155,38.955758177895106],[-95.25518806962788,38.95575791588815],[-95.25518808283184,38.95575974568391],[-95.25519460299427,38.955759717994816],[-95.25519458982511,38.95575788729867],[-95.25524997325452,38.95575764832461],[-95.25524998642513,38.955759479020735],[-95.25525650662247,38.95575945042777],[-95.25525649341672,38.95575762063199],[-95.25535422106832,38.95575719892316],[-95.25535423427652,38.95575902871892],[-95.25536075328566,38.955759000993204],[-95.2553607412654,38.95575717032435],[-95.25539766314326,38.95575701154953],[-95.25539767635263,38.95575884134524],[-95.25540419651489,38.9557588136444],[-95.2554041833403,38.95575698294824],[-95.25545304657129,38.95575677247843],[-95.25545305978211,38.95575860227421],[-95.25545957994433,38.95575857457021],[-95.25545956676831,38.95575674387405],[-95.25550191099012,38.95575656111497],[-95.25550192416725,38.9557583918111],[-95.25550844321124,38.95575836317666],[-95.25550843115214,38.95575653340826],[-95.25556381457943,38.95575629428427],[-95.25556382779313,38.95575812408004],[-95.25557034795526,38.95575809636979],[-95.25557033477637,38.95575626567367],[-95.25561267784438,38.95575608284686],[-95.25561269102438,38.95575791354296],[-95.25561921122149,38.9557578849296],[-95.25561919800637,38.95575605513387],[-95.25572497083006,38.955755598238],[-95.25572481776393,38.95569261985001],[-95.25575441160252,38.955682526365],[-95.25575644182784,38.955686154977876],[-95.25575914511285,38.95568520148131],[-95.25576034748862,38.95568735051834],[-95.25579201521542,38.95567654998475],[-95.2558831442718,38.95564546885711],[-95.25588192197425,38.95564335720132],[-95.2558846754709,38.955642418408644],[-95.25588252758476,38.95563857973202],[-95.25589801063464,38.95563354875951],[-95.25593723460007,38.95570365948652],[-95.25605028878552,38.95566509968743],[-95.25605056190696,38.9556655865031],[-95.25605653680579,38.95566354875115],[-95.25605626368433,38.95566306193545],[-95.25611796028983,38.95564201852549],[-95.25611823337671,38.95564250624141],[-95.25612420830662,38.95564046758555],[-95.25612393518476,38.95563998077004],[-95.25616273813192,38.95562674536541],[-95.25616301121903,38.95562723308124],[-95.25616898611138,38.95562519532344],[-95.25616871417742,38.955624707634925],[-95.25621946688695,38.95560739669485],[-95.25621973997433,38.955607884410554],[-95.2562257148984,38.95560584574945],[-95.25622544177597,38.95560535893415],[-95.25627022072477,38.95559008575983],[-95.2562704926593,38.95559057344811],[-95.25627646758042,38.95558853478439],[-95.25627619561088,38.95558804799652],[-95.25633789093234,38.95556700444214],[-95.25633816402039,38.95556749215755],[-95.25634413890268,38.95556545439074],[-95.25634386581456,38.95556496667535],[-95.25638266749127,38.955551732070155],[-95.25638294057961,38.95555221978547],[-95.25638891545928,38.955550182016346],[-95.25638864237088,38.95554969430104],[-95.25655758481386,38.955492070867415],[-95.25653629151122,38.95545401035807],[-95.25652336623274,38.95545841881039],[-95.256515974906,38.955445206822596],[-95.25651815872263,38.95544446271764],[-95.25651554772772,38.95543979748823],[-95.25651336506435,38.955440541620476],[-95.25650062343975,38.95541776632457],[-95.25650280613749,38.9554170212922],[-95.25650019629772,38.95541235608981],[-95.25649801244694,38.955413101094834],[-95.2564852708672,38.95539032489676],[-95.25648745352925,38.955389580765114],[-95.25648484369151,38.95538491556231],[-95.25648266102958,38.95538565969396],[-95.25646991827155,38.9553628843673],[-95.25647210096793,38.95536213933549],[-95.25646949113224,38.95535747413237],[-95.25646730843602,38.95535821916415],[-95.25645456572285,38.9553354429353],[-95.25645674838357,38.955334698804215],[-95.2564541385499,38.9553300336007],[-95.25645195588929,38.955330777731774],[-95.2564392131511,38.95530800240163],[-95.25644139699924,38.95530725739769],[-95.2564387860144,38.955302592166575],[-95.25643660331956,38.95530333719775],[-95.25642386177935,38.95528056099274],[-95.25642604443868,38.95527981686219],[-95.25642343460903,38.955275151658014],[-95.2564212507967,38.95527589576122],[-95.25641366469532,38.95526232047003],[-95.256414336116,38.95526209122555],[-95.25641421202985,38.95526186839086],[-95.25641730708558,38.95526081239857],[-95.25641743232494,38.95526103526057],[-95.2564181037456,38.955260806016135],[-95.25641797850624,38.955260583154136],[-95.25643422455083,38.95525504205128],[-95.25643434979024,38.95525526491324],[-95.25643502121079,38.955255035668685],[-95.25643489597138,38.95525481280672],[-95.25645114204826,38.9552492708011],[-95.25645126728772,38.95524949366305],[-95.25645193870817,38.95524926441837],[-95.25645181346871,38.955249041556435],[-95.25645490967652,38.955247985590404],[-95.25645503376278,38.95524820842511],[-95.25645570518321,38.955247979180434],[-95.25645492802776,38.95524659093162],[-95.25646298381444,38.95524384266936],[-95.25639845592858,38.95515142198006],[-95.25639073823282,38.955154708157295],[-95.2563898088274,38.95515337668715],[-95.25638916567728,38.955153650760295],[-95.256389314364,38.95515386426374],[-95.25637873312061,38.95515836782157],[-95.25637858443393,38.95515815431811],[-95.25637794128377,38.95515842839127],[-95.25637808997047,38.955158641894656],[-95.25636252437229,38.95516526794181],[-95.25636237453249,38.95516505441105],[-95.25636173138216,38.955165328484085],[-95.25636188122196,38.95516554201484],[-95.25634631450254,38.95517216713216],[-95.25634616581593,38.95517195362865],[-95.25634552266553,38.955172227701574],[-95.25634567135212,38.955172441205065],[-95.25633010574782,38.95517906724787],[-95.2563299570613,38.955178853744385],[-95.25632931391073,38.95517912781719],[-95.25632946263225,38.95517934042031],[-95.25631389702495,38.9551859664609],[-95.25631234429021,38.95518374425064],[-95.25631170113957,38.955184018323415],[-95.2563132527211,38.95518624050641],[-95.25629768711077,38.955192866544806],[-95.25629753842425,38.95519265304129],[-95.25629689530844,38.955192926213506],[-95.25629704399495,38.95519313971708],[-95.25628147838157,38.95519976575334],[-95.25628132854189,38.955199552222474],[-95.25628068539099,38.95519982629503],[-95.25628083523063,38.955200039825904],[-95.25626526846106,38.955206665832684],[-95.25626511977462,38.9552064523291],[-95.25626447665854,38.9552067255012],[-95.25626462534494,38.95520693900478],[-95.25624905972548,38.95521356503669],[-95.25624891103908,38.95521335153306],[-95.25624826788791,38.95521362560547],[-95.25624841657434,38.95521383910907],[-95.25623285095185,38.95522046513881],[-95.25623270111232,38.95522025160786],[-95.25623205799594,38.955220524779776],[-95.25623220783547,38.955220738310715],[-95.25622623063425,38.955223282503596],[-95.25622608194791,38.95522306899997],[-95.25622543879655,38.955223343072205],[-95.25622556176386,38.95522356497944],[-95.25620883959712,38.955228734296554],[-95.25620872487674,38.95522850807837],[-95.25620804377631,38.95522871906808],[-95.2562081573435,38.95522894525898],[-95.25619167352974,38.955234040005536],[-95.25619155880942,38.9552338137873],[-95.25619087770883,38.95523402477694],[-95.25619099242917,38.955234250995126],[-95.25617450861293,38.95523934573925],[-95.25617439389265,38.95523911952098],[-95.25617371279196,38.95523933051053],[-95.25617382751224,38.955239556728735],[-95.25615734369354,38.95524465147041],[-95.25615722893835,38.95524442615255],[-95.25615654787254,38.95524463624155],[-95.25615666143962,38.955244862432494],[-95.25614017761846,38.95524995717173],[-95.25614006286331,38.955249731853854],[-95.25613938179738,38.95524994194277],[-95.25613949651756,38.955250168161015],[-95.25612301269393,38.955255262897815],[-95.25612289793882,38.955255037579924],[-95.25612221687278,38.95525524766874],[-95.25612233159293,38.95525547388702],[-95.2561058477668,38.95526056862134],[-95.25610573301176,38.95526034330345],[-95.25610505194561,38.95526055339215],[-95.25610516551255,38.95526077958317],[-95.25608868164903,38.95526587521546],[-95.25608750237024,38.95526354738507],[-95.25608682126907,38.95526375837408],[-95.25608800058278,38.955266085304046],[-95.25607151671676,38.95527118093391],[-95.25607140199676,38.955270954715566],[-95.25607072093041,38.95527116480411],[-95.25607083565042,38.95527139102243],[-95.25605435178194,38.95527648664982],[-95.25605423706197,38.95527626043145],[-95.25605355599552,38.955276470519884],[-95.25605366956232,38.95527669671093],[-95.25603718569137,38.955281792335896],[-95.25603707097146,38.955281566117534],[-95.2560363899049,38.955281776205815],[-95.25603650462482,38.95528200242418],[-95.25602002075138,38.95528709804671],[-95.25601990603153,38.95528687182835],[-95.25601922496486,38.95528708191652],[-95.25601933968471,38.95528730813489],[-95.25600285580883,38.95529240375498],[-95.25600274108899,38.9552921775366],[-95.25600206002223,38.955292387624695],[-95.25600217358893,38.95529261381577],[-95.25598568971053,38.955297709433424],[-95.25598557499075,38.95529748321504],[-95.25598489388894,38.95529769420341],[-95.25598500864368,38.95529791952143],[-95.2559685247628,38.95530301513662],[-95.2559684100431,38.95530278891821],[-95.25596772894117,38.95530299990652],[-95.25596784369584,38.95530322522455],[-95.25595135981253,38.95530832083726],[-95.25595124509285,38.95530809461883],[-95.25595056399081,38.955308305607055],[-95.25595067874545,38.955308530925095],[-95.2559341937065,38.955313626508115],[-95.25593407898687,38.955313400289626],[-95.25593339788473,38.955313611277745],[-95.25593351263933,38.95531383659579],[-95.25591702875104,38.95531893220368],[-95.25591583546465,38.955316578805686],[-95.2559151543974,38.95531678889326],[-95.25591634764882,38.955319143191666],[-95.25589986379302,38.95532423789671],[-95.25589974907348,38.955324011678194],[-95.25589906797117,38.95532422266609],[-95.2558991826907,38.95532444888457],[-95.2558826976793,38.95532954355989],[-95.25588258295979,38.95532931734139],[-95.25588190185736,38.955329528329145],[-95.25588201657685,38.955329754547655],[-95.25586553271611,38.95533484924783],[-95.25586541799665,38.9553346230293],[-95.25586473689415,38.95533483401696],[-95.25586485161358,38.95533506023553],[-95.25584836775036,38.955340154933225],[-95.25584825303096,38.955339928714686],[-95.25584757192831,38.955340139702244],[-95.25584768664773,38.95534036592081],[-95.25583120162888,38.95534546058877],[-95.25583108690952,38.95534523437022],[-95.25583040580678,38.955345445357665],[-95.25583052052615,38.95534567157627],[-95.25581403665798,38.95535076626907],[-95.25581392190371,38.95535054095088],[-95.25581324083583,38.955350751037926],[-95.25581335555515,38.95535097725647],[-95.2557968716845,38.95535607194684],[-95.2557967569303,38.955355846628635],[-95.2557960758623,38.955356056715544],[-95.25579619058156,38.95535628293414],[-95.2557797055553,38.95536137759479],[-95.25577959080113,38.95536115227658],[-95.25577890973304,38.95536136236336],[-95.25577902445225,38.95536158858196],[-95.25576254057667,38.955366683267464],[-95.25576242582254,38.955366457949246],[-95.25576174475435,38.95536666803591],[-95.25576185947351,38.955366894254524],[-95.255759249609,38.95536770126028],[-95.25575913488984,38.955367475041655],[-95.25575845382163,38.95536768512829],[-95.25575916778507,38.955369095318176],[-95.25575099360334,38.95537162173296],[-95.2557826329219,38.955428174341066],[-95.25568886753375,38.955460155489654],[-95.2556878724572,38.95546015897311],[-95.25568743262252,38.95539811647437],[-95.25567869585716,38.95539887128167],[-95.25567848195027,38.95539736478082],[-95.25567775349917,38.95539742774734],[-95.25567778798569,38.955397669190205],[-95.25566583860618,38.955398702135014],[-95.2556657990177,38.95539847318852],[-95.2556650705666,38.95539853615494],[-95.25566511015509,38.95539876510146],[-95.2556474895075,38.95540028835307],[-95.25564745502113,38.95540004691019],[-95.25564672656998,38.95540010987649],[-95.25564676105638,38.955400351319376],[-95.25562914040798,38.955401874568196],[-95.25562910595666,38.9554016322249],[-95.25562837750546,38.9554016951911],[-95.25562841195685,38.95540193753437],[-95.25561079018945,38.95540345985273],[-95.25561075685637,38.95540321843716],[-95.25561002840514,38.95540328140323],[-95.25561006289142,38.95540352284608],[-95.25559244108828,38.95540504606203],[-95.25559207966407,38.95540255283469],[-95.25559135121284,38.955402615800686],[-95.25559171263701,38.95540510902801],[-95.25557409198629,38.955406632268456],[-95.2555740575002,38.955406390825594],[-95.25557332904891,38.95540645379138],[-95.255573363535,38.95540669523432],[-95.2555557428835,38.955408218471966],[-95.25555570839745,38.95540797702906],[-95.25555497994614,38.955408039994815],[-95.25555501443218,38.95540828143772],[-95.2555373926267,38.955409804645264],[-95.25553735932884,38.95540956232931],[-95.25553663087749,38.955409625294884],[-95.2555366653285,38.95540986763821],[-95.25551904355721,38.955411389942604],[-95.25551900907122,38.95541114849969],[-95.25551828177306,38.95541121149251],[-95.25551831625903,38.95541145293542],[-95.25550069445194,38.95541297613739],[-95.25550065996603,38.955412734694484],[-95.25549993151466,38.955412797659925],[-95.25549996600053,38.955413039102815],[-95.25548234534584,38.955414562329295],[-95.25548231085999,38.95541432088636],[-95.2554815824086,38.95541438385166],[-95.25548161689437,38.95541462529459],[-95.25546399623892,38.955416148518296],[-95.25546396178808,38.95541590617498],[-95.25546323333664,38.95541596914016],[-95.25546326778742,38.95541621148347],[-95.25544564601297,38.95541773377671],[-95.2554456126804,38.95541749236107],[-95.25544488422895,38.95541755532614],[-95.2554449187146,38.955417796769055],[-95.25543704933473,38.95541847746248],[-95.2554370148491,38.95541823601955],[-95.25543628639755,38.95541829898456],[-95.25543632168677,38.95541854945874],[-95.25543402573835,38.955418465368794],[-95.25543403979044,38.95541822237115],[-95.25543330788106,38.95541819603317],[-95.25543329382896,38.95541843903081],[-95.25541558434847,38.9554177909003],[-95.25541559840063,38.95541754790271],[-95.25541486652627,38.95541752066423],[-95.25541485247409,38.955417763661835],[-95.2553971429939,38.95541711552855],[-95.25539715701116,38.95541687343132],[-95.25539642513681,38.95541684619275],[-95.25539641108458,38.95541708919035],[-95.25537870160471,38.955416441054204],[-95.25537871565706,38.955416198056604],[-95.2553779849009,38.95541617174558],[-95.25537796973038,38.955416413815506],[-95.25536026021594,38.95541576657695],[-95.25536027542142,38.955415523606646],[-95.25535954354712,38.95541549636783],[-95.25535952834157,38.95541573933815],[-95.2553418188624,38.95541509119639],[-95.25534183406798,38.95541484822608],[-95.25534110215871,38.95541482188753],[-95.25534108695308,38.95541506485784],[-95.25532337747428,38.955414416713275],[-95.25532339267997,38.955414173742966],[-95.2553226608056,38.9554141465039],[-95.25532264675314,38.95541438950146],[-95.25530493727466,38.9554137413541],[-95.25530495132722,38.955413498356506],[-95.25530421941791,38.955413472017725],[-95.25530420536538,38.95541371501533],[-95.25528649588725,38.95541306686513],[-95.25528650993984,38.95541282386754],[-95.25528577803063,38.95541279752864],[-95.25528576401295,38.955413039625846],[-95.25526805450018,38.95541239237323],[-95.25526806855284,38.955412149375654],[-95.2552673366786,38.95541212213623],[-95.25526732262591,38.95541236513384],[-95.25524961314841,38.95541171697797],[-95.25524962835435,38.955411474007704],[-95.25524889644514,38.95541144766857],[-95.25524888123921,38.95541169063884],[-95.2552311717621,38.955411042480215],[-95.25523118696805,38.955410799509906],[-95.25523045509382,38.95541077227026],[-95.25523043988782,38.95541101524056],[-95.25521273041105,38.95541036707911],[-95.25521274561704,38.95541012410882],[-95.25521201370786,38.95541009776944],[-95.25521199965502,38.95541034076704],[-95.25519429017855,38.95540969260278],[-95.2551943042315,38.95540944960518],[-95.25519357232228,38.95540942326569],[-95.25519355830433,38.955409665362865],[-95.25517584882823,38.95540901719577],[-95.25517586284624,38.95540877509862],[-95.25517513097202,38.955408747858584],[-95.25517511691905,38.95540899085618],[-95.25515740744328,38.95540834268628],[-95.25515742149632,38.955408099688704],[-95.25515668958718,38.95540807334898],[-95.25515667553415,38.95540831634655],[-95.25513896605867,38.955407668173855],[-95.25513898126498,38.95540742520355],[-95.25513824939077,38.95540739796333],[-95.25513823418451,38.95540764093361],[-95.25512052470938,38.95540699275811],[-95.25512053991574,38.95540674978783],[-95.25511980800665,38.95540672344785],[-95.25511979280026,38.95540696641814],[-95.25510208332553,38.95540631823975],[-95.2551020985319,38.95540607526947],[-95.2551013666228,38.955406048929405],[-95.25510135145134,38.95540629099931],[-95.25508364313008,38.955405642845434],[-95.25508365714842,38.955405400748226],[-95.25508292527431,38.95540537350768],[-95.25508291122101,38.955405616505246],[-95.25506520174689,38.955404968321275],[-95.2550652158003,38.955404725323675],[-95.25506448389118,38.95540469898339],[-95.2550644698378,38.955404941981],[-95.25504676036408,38.95540429379418],[-95.25504677441751,38.95540405079663],[-95.25504604254337,38.95540402355577],[-95.25504602848994,38.955404266553316],[-95.25502831901656,38.95540361836372],[-95.25502833307004,38.95540337536617],[-95.25502760231414,38.95540334905292],[-95.25502758710752,38.955403592023195],[-95.25500987763441,38.955402943830755],[-95.25500989284116,38.955402700860496],[-95.25500916093209,38.95540267451985],[-95.25500914576034,38.95540291658974],[-95.25499551411633,38.955402418112406],[-95.25499552932314,38.95540217514214],[-95.25499479741407,38.95540214880141],[-95.25499470631182,38.955403662502135],[-95.25498592476632,38.95540334103784],[-95.25498602352489,38.95541723393112],[-95.25498529046182,38.95541723730338],[-95.25498529255245,38.95541748068314],[-95.25492624641447,38.95541773554449],[-95.25492624432401,38.955417492164706],[-95.25492551126096,38.95541749553658],[-95.25492541303795,38.95540361887767],[-95.25491664740582,38.955404135922606],[-95.25491650067835,38.955402623800715],[-95.25491577068951,38.95540266689911],[-95.2549157935718,38.95540290986999],[-95.25491411033424,38.95540300880527],[-95.25491408745197,38.95540276583443],[-95.25491335746311,38.95540280893282],[-95.25491338034539,38.95540305190367],[-95.25489570220961,38.95540409332832],[-95.2548956781392,38.95540385123054],[-95.25489494815034,38.95540389432882],[-95.25489497106753,38.955404136399295],[-95.25487729289623,38.95540517872153],[-95.25487726886092,38.955404935723344],[-95.25487653887198,38.955404978821505],[-95.25487656175419,38.95540522179241],[-95.25485888361732,38.9554062632114],[-95.25485886070021,38.95540602114091],[-95.25485812955814,38.955406064211665],[-95.25485815362835,38.955406306309484],[-95.25484047430281,38.95540734859875],[-95.25484045142072,38.955407105627884],[-95.25483972027864,38.95540714869852],[-95.25483974431388,38.95540739169671],[-95.25482206502272,38.95540843308276],[-95.25482204210579,38.955408191012296],[-95.25482131211683,38.95540823411013],[-95.25482133503375,38.95540847618059],[-95.25480363282519,38.95540927549342],[-95.2548029028362,38.955409318591144],[-95.25480292571811,38.955409561561964],[-95.25478524757906,38.95541060296978],[-95.25478522350905,38.955410360872],[-95.25478449352005,38.9554104039696],[-95.2547845164369,38.955410646040065],[-95.25476683829726,38.95541168744506],[-95.25476681538052,38.95541144537458],[-95.25476608423834,38.95541148844476],[-95.25476610830825,38.95541173054254],[-95.25474842898,38.95541277281779],[-95.25474840606326,38.95541253074733],[-95.25474767492106,38.95541257381736],[-95.25474769899094,38.95541281591515],[-95.25473001969708,38.95541385728724],[-95.25472999678045,38.95541361521671],[-95.25472926679139,38.95541365831396],[-95.25472928970801,38.95541390038447],[-95.25471161153182,38.955414942681436],[-95.25471158749703,38.95541469968323],[-95.25471085750793,38.95541474278038],[-95.25471088038952,38.95541498575127],[-95.25470351228698,38.95541541961331],[-95.2547034893704,38.95541517754282],[-95.25470275938129,38.95541522063989],[-95.25470205333146,38.95541518229249],[-95.254702033511,38.9554154251535],[-95.25469355266463,38.955414999035405],[-95.25469357248508,38.95541475617438],[-95.25469284214886,38.95541471905429],[-95.25469282117521,38.95541496188799],[-95.25467512914665,38.95541407252962],[-95.25467514896718,38.95541382966864],[-95.25467441859601,38.95541379344879],[-95.25467439877545,38.955414036309804],[-95.25465670562912,38.95541314602095],[-95.25465691225868,38.955410649117404],[-95.2546561807693,38.95541061196981],[-95.25465597525795,38.955413109800986],[-95.25463828323028,38.955412220437026],[-95.25463830305097,38.95541197757605],[-95.25463757152663,38.9554119413287],[-95.25463755174097,38.95541218328926],[-95.25461985971373,38.955411293922495],[-95.25461987949947,38.95541105196189],[-95.25461914801019,38.955411014814004],[-95.25461912818945,38.95541125767501],[-95.25460143616272,38.95541036830541],[-95.25460164167598,38.95540787047428],[-95.25460091130493,38.955407834254004],[-95.25460070467338,38.9554103311574],[-95.25458301264713,38.95540944178499],[-95.25458303246799,38.95540919892401],[-95.25458230209689,38.95540916270366],[-95.25458228227605,38.95540940556464],[-95.2545645902852,38.95540851528899],[-95.25456461007111,38.955408273328395],[-95.25456387858185,38.95540823618022],[-95.25456385876093,38.955408479041154],[-95.25454616673561,38.95540758966313],[-95.25454618655657,38.955407346802154],[-95.25454545503234,38.95540731055424],[-95.25454543524637,38.9554075525148],[-95.25452774322144,38.95540666313397],[-95.25452795097466,38.95540413741802],[-95.25452722063864,38.955404100296875],[-95.25452701169725,38.95540662688595],[-95.25450931967285,38.95540573750224],[-95.25450933949392,38.95540549464126],[-95.25450860915787,38.95540545752006],[-95.25450858933682,38.955405700380986],[-95.25449089615967,38.95540481096722],[-95.254490917134,38.95540456813354],[-95.25449018560985,38.955404531885286],[-95.25449016582364,38.955404773845835],[-95.25447247380016,38.95540388445656],[-95.25447249358638,38.95540364249599],[-95.25447176209722,38.95540360534723],[-95.254471742276,38.95540384820819],[-95.25445405025296,38.955402958816066],[-95.25445407007426,38.9554027159551],[-95.25445333855012,38.95540267970662],[-95.25445331876384,38.95540292166719],[-95.25443562674123,38.955402032272275],[-95.25443564652761,38.955401790311676],[-95.25443491619167,38.95540175318999],[-95.25443489521714,38.95540199602366],[-95.25442281678797,38.955401388261784],[-95.25442283657436,38.95540114630122],[-95.25442210623841,38.9554011091794],[-95.25442191487737,38.95540342079223],[-95.25441896629859,38.955403676309416],[-95.25441904696648,38.95540424418805],[-95.25441935619003,38.95540421726422],[-95.25442029115526,38.95541081292908],[-95.25441998193166,38.955410839852924],[-95.25442006259956,38.95541140773151],[-95.25442037178819,38.95541138170808],[-95.25442232242207,38.95542514001595],[-95.25441910054165,38.95542541880159],[-95.25441918120958,38.95542598668019],[-95.2544224030551,38.955425708794955],[-95.25442435368971,38.95543946710278],[-95.25442404331285,38.95543949399932],[-95.25442412394587,38.95544006277838],[-95.25442443432279,38.95544003588179],[-95.2544263837701,38.95545379506266],[-95.25442607458127,38.955453821086095],[-95.2544261552143,38.955454389865174],[-95.25442646443814,38.95545436294126],[-95.25442841503936,38.95546812214939],[-95.25442810581553,38.95546814907324],[-95.25442818648362,38.95546871695186],[-95.25442849570746,38.955468690028],[-95.2544293310708,38.955474581280946],[-95.25442902188192,38.955474607304446],[-95.25442910251506,38.955475176083446],[-95.25442905483216,38.95547574993486],[-95.25442936471863,38.95547576538418],[-95.25442833226217,38.95548829047205],[-95.25442802122251,38.9554882749954],[-95.25442797483268,38.95548884527254],[-95.25442828587234,38.95548886074917],[-95.254427146758,38.95550267566575],[-95.25442683575328,38.95550265928875],[-95.25442678817531,38.95550323043899],[-95.25442709921501,38.95550324591563],[-95.25442596013518,38.955517059931786],[-95.25442564909541,38.95551704445513],[-95.25442560267058,38.95551761563267],[-95.25442591255715,38.95551763108202],[-95.25442477347691,38.95553144509811],[-95.25442157557792,38.95553128465476],[-95.25442152803484,38.955531854904585],[-95.25442472705208,38.95553201627569],[-95.25442358797132,38.9555458302918],[-95.25442327693142,38.955545814815125],[-95.25442322938838,38.95554638506497],[-95.2544235403933,38.95554640144201],[-95.25442240131208,38.95556021545809],[-95.25442209027212,38.95556019998146],[-95.25442204388222,38.95556077025859],[-95.25442235492217,38.95556078573526],[-95.25442121580551,38.95557460065167],[-95.25442090480045,38.95557458427462],[-95.2544208572224,38.95557515542488],[-95.25442116826243,38.95557517090154],[-95.2544200291803,38.95558898491754],[-95.25441971814018,38.9555889694409],[-95.25441967171528,38.95558954061842],[-95.25441998160221,38.95558955606777],[-95.2544188425196,38.95560337008376],[-95.25441853263266,38.95560335463441],[-95.2544184850545,38.955603925784644],[-95.25441879609464,38.95560394126131],[-95.25441765701159,38.95561775527725],[-95.25441734597136,38.9556177398006],[-95.25441729842824,38.95561831005043],[-95.25441760943347,38.95561832642746],[-95.25441647034994,38.95563214044345],[-95.25441615930966,38.955632124966776],[-95.25441611291963,38.95563269524391],[-95.25441642395994,38.95563271072058],[-95.25441528368779,38.95564652560954],[-95.25441497383562,38.955646509259815],[-95.25441492625743,38.95564708041005],[-95.25441523729778,38.95564709588669],[-95.25441409821332,38.95566090990258],[-95.25441378717291,38.95566089442592],[-95.25441374074789,38.955661465603434],[-95.25441405063516,38.95566148105278],[-95.25441291155022,38.95567529506864],[-95.25441260166293,38.95567527961931],[-95.25441255408471,38.95567585076952],[-95.25441286512518,38.9556758662462],[-95.25441172603983,38.95568968026201],[-95.2544114149993,38.95568966478533],[-95.25441136745602,38.95569023503513],[-95.25441167846158,38.955690251412214],[-95.25441053937571,38.95570406542804],[-95.25441022833512,38.95570404995137],[-95.25441018194502,38.955704620228474],[-95.25441182695519,38.95570470334344],[-95.25441126195695,38.955711552780684],[-95.25447498605055,38.95571127827302],[-95.25447499036538,38.95571185065211],[-95.25447530207053,38.95571184902109],[-95.25447536823528,38.95572122962041],[-95.25447505653008,38.95572123125143],[-95.25447506084492,38.95572180363048],[-95.25446447132579,38.95572184937115],[-95.25446474759718,38.95576103389946]]]},"properties":{"SDE.FloorAll.FLOORLOCATION":"2"}},{"type":"Feature","geometry":{"type":"MultiPolygon","coordinates":[[[[-95.25566509758723,38.9556867145997],[-95.25565624635352,38.955686760137795],[-95.25565637335932,38.95570165315208],[-95.2556856216375,38.95570150100791],[-95.25568547234535,38.95568563594775],[-95.25572696248081,38.955685421175644],[-95.25575458033339,38.95567612897123],[-95.25575722451937,38.95568077067118],[-95.25575502768798,38.95568152256512],[-95.25575659190507,38.95568431102278],[-95.25575878988968,38.95568355915609],[-95.25575908348613,38.955684083407306],[-95.25581933359625,38.95566343579988],[-95.25581130528575,38.95564915245485],[-95.2558159341577,38.955647565912095],[-95.2558318094605,38.95567580837511],[-95.25587190078645,38.95566209256648],[-95.25585601351987,38.9556338309004],[-95.25586064473107,38.955632243510024],[-95.25586867759198,38.95564655850195],[-95.2558811004771,38.95564230856137],[-95.25588175198429,38.955642116699984],[-95.2558814583521,38.95564159334949],[-95.2558836551809,38.955640841453175],[-95.25588209095982,38.95563805299717],[-95.25587989297793,38.95563880486623],[-95.2558797170363,38.9556384906813],[-95.2558795825344,38.955638536163946],[-95.25587707364491,38.95563406619785],[-95.25590225983862,38.955625449100765],[-95.25592997289951,38.95567483143145],[-95.25594225588965,38.95569672175175],[-95.25599516783039,38.955678619367504],[-95.25599302930198,38.955674807049995],[-95.25599786043091,38.95567315409022],[-95.25599999895955,38.955676966407616],[-95.25602970859399,38.9556668025949],[-95.25601742442882,38.95564491225653],[-95.255949058748,38.95566830227275],[-95.25593674427628,38.95564636073943],[-95.2559380532318,38.95564591316977],[-95.25594557991414,38.95565932306396],[-95.25596008500695,38.95565435996092],[-95.25593326771614,38.95560658048477],[-95.25591876151313,38.95561154265684],[-95.25592629031969,38.95562495710887],[-95.25592498251767,38.95562540470568],[-95.25592134221684,38.95561891986471],[-95.25588150955777,38.95554792954961],[-95.25588506915234,38.95554671153096],[-95.255884951462,38.9555465023654],[-95.25588750154249,38.95554562995493],[-95.25588761923287,38.95554583912048],[-95.25589117879221,38.95554462200205],[-95.25587796414132,38.95552107300338],[-95.25586829490943,38.95552438054978],[-95.2558647108434,38.955517993468604],[-95.25586611921426,38.95551751220384],[-95.25586908579102,38.955522798696414],[-95.25589331624727,38.95551450865608],[-95.25588002710136,38.95549082721695],[-95.25585579665164,38.955499117254476],[-95.25586047431223,38.95550745252828],[-95.25585906590662,38.95550793469338],[-95.25584696317921,38.955486367662004],[-95.25584837158453,38.955485885497076],[-95.25585191570696,38.95549220133807],[-95.25587070441479,38.95548577330709],[-95.2558588262354,38.95546460632724],[-95.2558400375321,38.95547103435636],[-95.25584343272332,38.95547708351552],[-95.255842023165,38.95547756565311],[-95.25581776948108,38.95543436645638],[-95.25588866248084,38.955410090955205],[-95.25590153927946,38.95543303624859],[-95.25593386208072,38.955421978112916],[-95.25590963767793,38.955378796752306],[-95.25585847826696,38.95539629890187],[-95.25585651782696,38.955392805323314],[-95.25584363640738,38.95539721293626],[-95.25584671311958,38.95540269489804],[-95.25583357202491,38.95540719099231],[-95.25580554719544,38.95535725150817],[-95.25576101205071,38.95537106218046],[-95.25578970717612,38.95542219814333],[-95.25579431360885,38.95543040556303],[-95.25578570533663,38.95543335068822],[-95.2557830647931,38.955428645088006],[-95.25568745841767,38.955461399169366],[-95.2556876195111,38.9554802899151],[-95.2556590490013,38.955480438273526],[-95.25565943807766,38.95552603945908],[-95.25566998636735,38.95552598452311],[-95.25566992438137,38.9555186624206],[-95.25567135245511,38.95551865476668],[-95.25567141559439,38.9555259768965],[-95.25568354435062,38.95552591340636],[-95.25568403474448,38.95558344287474],[-95.25566021824629,38.955583566774784],[-95.25566039963405,38.955604848044565],[-95.25568421610447,38.95560472504488],[-95.2556847045794,38.95566212559257],[-95.25567686694875,38.955662166284746],[-95.25567692897053,38.95566948748674],[-95.25567550089374,38.95566949514073],[-95.25567543890706,38.95566217303831],[-95.25566488944386,38.95566222794744],[-95.25566509758723,38.9556867145997]]],[[[-95.25470924797355,38.9557561917321],[-95.25470922547561,38.95575353168921],[-95.25470982928232,38.95575352796172],[-95.2547145845006,38.955753503570286],[-95.25471460699879,38.95575616361316],[-95.25475148743425,38.95575597251992],[-95.2547514932825,38.95575677294477],[-95.2547699542749,38.95575667743499],[-95.25476994842644,38.95575587701016],[-95.25482533143774,38.9557555895629],[-95.25482533293413,38.95575581850905],[-95.25484379396116,38.955755722087204],[-95.25484379242972,38.95575549404142],[-95.25484814592562,38.95575547094759],[-95.2548481234224,38.95575281090466],[-95.25485348241234,38.95575278367973],[-95.25485350495073,38.95575544282226],[-95.25486225345664,38.955755397616585],[-95.25486225495314,38.95575562656276],[-95.25488071709832,38.95575553106268],[-95.25488071444855,38.95575530208918],[-95.25491487728101,38.95575512500671],[-95.25491465943176,38.9557295278102],[-95.2547096339353,38.95573059260851],[-95.25470747862666,38.955730601956816],[-95.25470745602553,38.955727885134415],[-95.25471624723032,38.95572784004963],[-95.25471612686484,38.955713732152454],[-95.2547160292449,38.955702188774346],[-95.25470723724068,38.95570219508746],[-95.25470649741136,38.95561514913058],[-95.25470473918017,38.95561515796733],[-95.25470472939284,38.955614042922264],[-95.25471692627177,38.95561397934342],[-95.25471669118738,38.95558627197243],[-95.25470449427826,38.955586336451674],[-95.25470448442093,38.955585223207386],[-95.25470624268632,38.95558521347022],[-95.25470550223,38.95549818371957],[-95.25471429344121,38.955498137734544],[-95.25471407493434,38.95547244048397],[-95.25471107104362,38.95547245587477],[-95.25471107253964,38.95547268482095],[-95.25470828914806,38.95547269912412],[-95.25470828761706,38.95547247107835],[-95.25470528372635,38.955472486468956],[-95.25470525701425,38.955469340566815],[-95.2548473834052,38.95546860341421],[-95.2548471812249,38.955444743244755],[-95.25470185227994,38.955453435366834],[-95.25470156774351,38.955420077054825],[-95.25461095261457,38.955415601745244],[-95.25461123658279,38.955449003303755],[-95.25459920364115,38.95544841285961],[-95.25459923024177,38.95545162094369],[-95.25459780220423,38.95545162768401],[-95.2545977739986,38.955448342056684],[-95.25450170406526,38.95544359690614],[-95.2544763417771,38.95544372901884],[-95.25447645976709,38.955470526087986],[-95.25459795715467,38.955469896448534],[-95.25459794409781,38.95546833071424],[-95.25459937217066,38.95546832307353],[-95.25459938522751,38.95546988880782],[-95.25460998428387,38.9554698342693],[-95.25460999406977,38.95547094931442],[-95.25460354756137,38.955470983220195],[-95.25460360233495,38.955477418351265],[-95.25459949940746,38.9554774392578],[-95.25459968545607,38.95549927580096],[-95.2546102348957,38.955499220988685],[-95.25461096976485,38.95558570807393],[-95.25461272803022,38.95558569833817],[-95.25461273781617,38.95558681338322],[-95.25460043009797,38.955586877931346],[-95.25460063094542,38.955610473111655],[-95.2546047339156,38.95561045130478],[-95.25460476821208,38.955614560794466],[-95.25461297296472,38.95561451805326],[-95.25461298271571,38.95561563399875],[-95.25461122448448,38.9556156428341],[-95.2546120466224,38.95571227525437],[-95.25460451953757,38.955712314215404],[-95.25460445922384,38.95570533821921],[-95.25458570617835,38.95570543489768],[-95.2545857824341,38.955714407481345],[-95.25458585515366,38.95571440740082],[-95.25458585816531,38.955723393570906],[-95.25461213945479,38.95572325795863],[-95.25461242440223,38.95575669378595],[-95.25470924797355,38.9557561917321]]],[[[-95.25498623320152,38.955477578500435],[-95.25498609250626,38.95546099085781],[-95.25498404102555,38.95546100176805],[-95.25498400733204,38.95545705451338],[-95.25498371523187,38.9554570566099],[-95.25498369578676,38.9554548823989],[-95.25498398900513,38.955454881230075],[-95.25498391141195,38.95544567429795],[-95.25499148812419,38.95544563468552],[-95.2549914711221,38.95544357588894],[-95.25499359532155,38.95544356489782],[-95.25499365842553,38.95545088612763],[-95.2550077231586,38.955450813569584],[-95.25500766124125,38.955443491466674],[-95.25501044463162,38.955443477156315],[-95.25501050773741,38.95545079838611],[-95.25502808895945,38.95545070724233],[-95.25502802700504,38.955443386039796],[-95.25503015120448,38.95544337504803],[-95.25503024525463,38.9554543577795],[-95.25505837591015,38.955454211779674],[-95.25505828300882,38.95544322907552],[-95.25506040720825,38.95544321808317],[-95.25506046979396,38.95545058255925],[-95.25508222718611,38.95545042715738],[-95.25508216410793,38.955443105027186],[-95.2550842894605,38.955443094061685],[-95.25508435142072,38.955450415264174],[-95.25509490081775,38.955450361308195],[-95.25509483773826,38.95544303917802],[-95.2550969630908,38.955443028212336],[-95.25509698006101,38.95544508790934],[-95.25510225477663,38.95544506048068],[-95.2551022378063,38.95544300078368],[-95.25510436200567,38.955442989790505],[-95.25510445543935,38.955453929248385],[-95.25513002204977,38.955453796428145],[-95.25512992861219,38.95544285697038],[-95.25513205396474,38.95544284600402],[-95.25513210474125,38.95544890973509],[-95.25520565635672,38.95544852773243],[-95.2552056043858,38.95544246487447],[-95.25520772858513,38.95544245387938],[-95.25520774674673,38.955444512703274],[-95.25521302146227,38.955444485269574],[-95.25521300330054,38.955442426445714],[-95.25521512749991,38.95544241545054],[-95.25521517947165,38.95544847830856],[-95.25528873108628,38.955448096253136],[-95.25528867910819,38.95544203339523],[-95.25529080330755,38.95544202239862],[-95.25529089677002,38.95545296185634],[-95.2553164633798,38.955452828995035],[-95.25531637106647,38.95544188956469],[-95.2553184952658,38.955441878567605],[-95.25531851224247,38.95544393826455],[-95.25532378695792,38.95544391082585],[-95.25532376998112,38.955441851128924],[-95.2553258941804,38.955441840131684],[-95.25532598764836,38.95545277958933],[-95.25535155425797,38.95545264672029],[-95.25535146078609,38.955441707262686],[-95.25535358613861,38.955441696292255],[-95.2553536369341,38.95544776002327],[-95.25542718854719,38.9554473778801],[-95.25542713655726,38.9554413150222],[-95.25542926190973,38.955441304050396],[-95.25542927892457,38.95544336284697],[-95.25543455363993,38.955443335403196],[-95.25543453547175,38.955441276579364],[-95.25543666082422,38.95544126560743],[-95.25543671166179,38.955447328438],[-95.25551026327403,38.95544694624212],[-95.25551021127693,38.95544088338433],[-95.25551233547624,38.955440872383676],[-95.25551242897298,38.95545181184118],[-95.25553799673507,38.95545167895832],[-95.25553790323431,38.9554407395009],[-95.25554002743361,38.95544072849974],[-95.25554004556986,38.95544278822392],[-95.255545319132,38.955442760747886],[-95.25554530214873,38.955440701050975],[-95.25554742634795,38.95544069004966],[-95.25554751985018,38.955451629507166],[-95.25557308645895,38.95545149658929],[-95.25557299410596,38.95544055715916],[-95.25557511830525,38.95544054615736],[-95.255575169783,38.95544665226147],[-95.25564872073043,38.955446227604625],[-95.25564866872152,38.95544016474681],[-95.25565079407392,38.95544015377097],[-95.2556508110952,38.955442212567505],[-95.25565872257388,38.9554421718232],[-95.25565878930483,38.955449906798286],[-95.25565908252318,38.95544990562778],[-95.25565910087087,38.955452078911016],[-95.25565880765247,38.95545208008151],[-95.25565887319526,38.95545981592971],[-95.25566304887566,38.95545979400416],[-95.25566309805966,38.95546557290975],[-95.25565892237893,38.95546559483532],[-95.25565903919886,38.955479323228495],[-95.25568431375216,38.95547919148394],[-95.25568363781284,38.95539992282536],[-95.25567781233555,38.955400431114164],[-95.25567789758374,38.95540150558751],[-95.25543676495235,38.95542256138266],[-95.25543330319071,38.95542241905401],[-95.25499479855651,38.955406845103205],[-95.25499477345731,38.955405797287455],[-95.25498873025414,38.95540558121074],[-95.25498884558598,38.955419106797265],[-95.25498833302188,38.95541910908147],[-95.25498835713064,38.955422054850104],[-95.25492447643292,38.9554223863077],[-95.25492466216133,38.95544426339556],[-95.25484860884504,38.9554446580851],[-95.25484881263117,38.955468595797726],[-95.25492486597327,38.955468201108125],[-95.25492486026069,38.955467486302744],[-95.25492698446081,38.95546747531285],[-95.25492707351363,38.95547784329213],[-95.25498623320152,38.955477578500435]]],[[[-95.25477312870528,38.955701303027865],[-95.25471745227216,38.955701597921085],[-95.25471768927544,38.95572943421214],[-95.25479186344224,38.95572904918126],[-95.25479137903336,38.95570009312104],[-95.25484935030606,38.955699792145154],[-95.25484980115078,38.955645089550416],[-95.25484657790619,38.955645106059826],[-95.25484656397037,38.95564353309514],[-95.25479113830988,38.95564382134306],[-95.25479088097099,38.95561359542799],[-95.25484983575487,38.95561328980262],[-95.25484962016039,38.955587902643565],[-95.25479066539769,38.955588208268814],[-95.25479064582264,38.95558588895759],[-95.25479032181651,38.95554781000584],[-95.25479174985597,38.95554780326315],[-95.25479181938148,38.95555593935147],[-95.25484560904899,38.95555566103549],[-95.2548455900984,38.95555344447859],[-95.25484932593889,38.95555342478522],[-95.2548491107294,38.955528027721655],[-95.25479158405574,38.955528326604],[-95.2547916569959,38.95553682055889],[-95.25479022776855,38.95553682817463],[-95.25479014194471,38.95552667476248],[-95.2548478752435,38.95552637536579],[-95.25484739319484,38.955469718459305],[-95.2547910822144,38.95547001097652],[-95.25479116387879,38.95547893412032],[-95.2547897358407,38.95547894086304],[-95.25478965994238,38.9554700178557],[-95.25471548604732,38.95547040288518],[-95.25471572579725,38.955498673631546],[-95.25477140297902,38.95549838506917],[-95.25477141157928,38.955499500987365],[-95.2547069443734,38.95549983466174],[-95.25470740719204,38.955554160552325],[-95.25471385367297,38.95555412754116],[-95.25471390016607,38.95555964683287],[-95.25470745364966,38.95555968074444],[-95.25470767083148,38.95558520402736],[-95.25477213804525,38.955584872153395],[-95.25477214793862,38.955585984497276],[-95.25471811922763,38.955586265230664],[-95.2547183555007,38.955613971728525],[-95.25477238307965,38.955613690967745],[-95.25477239283313,38.955614806913225],[-95.25470792548715,38.95561514148851],[-95.25470865124821,38.95570052886125],[-95.25477311867202,38.95570019428555],[-95.25477312870528,38.955701303027865]]],[[[-95.25604872379958,38.955661171168735],[-95.25604831251006,38.95566043775284],[-95.25606391363321,38.95565510043326],[-95.25604551270976,38.95562231104188],[-95.25604682162921,38.95562186437141],[-95.2560510772334,38.955629447040295],[-95.25606955600111,38.95562312429437],[-95.25606530801316,38.95561555352232],[-95.25613081583846,38.95559314212577],[-95.25613100118147,38.95559342228633],[-95.2561954164245,38.95557138423902],[-95.25619525445917,38.955571096520806],[-95.2562251851151,38.95556085678018],[-95.25622551110757,38.95556143857382],[-95.25629006079342,38.95553935499084],[-95.2562897348354,38.955538772297],[-95.25634989789936,38.95551818905088],[-95.25634978020766,38.95551797988575],[-95.25635233028144,38.95551710746507],[-95.25635244678499,38.95551731750329],[-95.25635358845625,38.95551692725358],[-95.25635773397816,38.95552431354279],[-95.25637625361105,38.9555179772967],[-95.25637210808752,38.9555105910082],[-95.25647691973188,38.95547469893995],[-95.25646961329133,38.9554616791157],[-95.25644573239776,38.95541912514389],[-95.25642949382942,38.95542468084568],[-95.25645337471504,38.955467234820816],[-95.25637029849803,38.95549565728036],[-95.25625243844962,38.95528563468373],[-95.25633551562042,38.955257212335454],[-95.25635187400346,38.95528636377508],[-95.25636811254621,38.955280808084105],[-95.25635624938312,38.9552596676484],[-95.25636760769605,38.955255781794065],[-95.25635287396216,38.9552295274815],[-95.25631428495308,38.955242729254344],[-95.2563124691626,38.95523949325182],[-95.25628239856323,38.955249803600296],[-95.25628407017231,38.95525306683291],[-95.25624220111833,38.95526739139001],[-95.256176860909,38.95528974552565],[-95.25617505595618,38.95528652780182],[-95.25614928858126,38.955295342987974],[-95.25615109468632,38.955298560739514],[-95.25607550504216,38.95532442044416],[-95.25606814148819,38.955311298303734],[-95.25604211406896,38.95532024069322],[-95.25604947091009,38.95533332752886],[-95.25604385607153,38.95533524853132],[-95.25603652386677,38.95532218120406],[-95.25594067457521,38.95535492613434],[-95.2559440308772,38.95536090677841],[-95.25594429987976,38.95536081581296],[-95.25594541723783,38.95536280602314],[-95.25594514820028,38.955362897888996],[-95.25594802947899,38.95536803275773],[-95.25594240879921,38.95536995541964],[-95.2559350754215,38.955356888959095],[-95.25590825050102,38.95536606658924],[-95.25591446648225,38.955377143741394],[-95.25591094547548,38.95537834915567],[-95.25592229425963,38.95539858435322],[-95.25619285339587,38.955306020668374],[-95.25619715424901,38.955313686414314],[-95.25622902777418,38.95530278158896],[-95.25622472576512,38.955295115816895],[-95.25622667223787,38.95529444991438],[-95.25622826455982,38.95529728769667],[-95.25622853244357,38.95529719580289],[-95.25622964977369,38.95529918691072],[-95.25622938188991,38.95529927880452],[-95.25627719721304,38.95538448634058],[-95.25626726362896,38.95538788499572],[-95.25628414456627,38.95541796625566],[-95.25629407815377,38.95541456759909],[-95.25634453103629,38.95550447341014],[-95.25634322323913,38.95550492101165],[-95.25633898917161,38.95549737761619],[-95.25630648157787,38.955508499082725],[-95.2563107144894,38.95551604245207],[-95.25603885273851,38.95560905234402],[-95.25603461873214,38.95560150803707],[-95.2560109824604,38.95560959587617],[-95.25602443143575,38.95563356226275],[-95.25601451884118,38.9556369541842],[-95.25601605713915,38.95563969696357],[-95.25601632617764,38.9556396050976],[-95.25601744354212,38.95564159530701],[-95.25601717450363,38.955641687173035],[-95.25603101754925,38.95566635502424],[-95.25603140242924,38.95566622264104],[-95.25603181371862,38.95566695605697],[-95.25604872379958,38.955661171168735]]],[[[-95.25442396445696,38.955615507387215],[-95.25459923800432,38.95561459837298],[-95.25459900205772,38.955586884671646],[-95.25455295874849,38.955587123702],[-95.25455301839256,38.955594116805756],[-95.25455159035218,38.95559412354553],[-95.25455146316237,38.95557915211354],[-95.2545528912374,38.95557914447346],[-95.25455295011669,38.955586008684186],[-95.2546095417246,38.95558571481435],[-95.2546090633144,38.9555294446136],[-95.25455104255927,38.95552974519563],[-95.2545510284929,38.95552808661144],[-95.25460904928174,38.955527785129],[-95.25460881545494,38.955500343647344],[-95.25459826601512,38.955500398459485],[-95.25459801656136,38.955471011767386],[-95.25443588110265,38.955471852474446],[-95.2544359093319,38.95547525616281],[-95.25443522012341,38.9554752596689],[-95.25443086772546,38.95552898037175],[-95.2545236145786,38.95552850000132],[-95.25452362352473,38.955529606915555],[-95.25443212775038,38.955530089875616],[-95.254432133525,38.95553089210126],[-95.25443071236988,38.9555308999037],[-95.25442385724743,38.95561550394717],[-95.25442396445696,38.955615507387215]]],[[[-95.25502840360494,38.9557545359909],[-95.25502841060948,38.95575533644304],[-95.25504687160114,38.955755240889175],[-95.25504686459644,38.95575444043706],[-95.25506532558784,38.95575434488031],[-95.25506533259275,38.95575514533241],[-95.25508379358435,38.95575504977274],[-95.25508378661415,38.955754248420234],[-95.25509961079521,38.955754167035785],[-95.25509958699156,38.95575142134619],[-95.25510486173005,38.95575139391743],[-95.25510488553387,38.955754139607016],[-95.25515763176713,38.95575386527894],[-95.25515763873817,38.95575466663145],[-95.25517609976444,38.955754570156685],[-95.25517609275825,38.95575376970452],[-95.25521037796507,38.95575359182725],[-95.25521035415713,38.955750846137676],[-95.25521562889553,38.955750818703855],[-95.25521565155046,38.95575356436619],[-95.25523147576617,38.95575348206336],[-95.25523148273804,38.955754283415835],[-95.2552499437641,38.9557541869293],[-95.25524993675707,38.955753386477184],[-95.25528685873874,38.955753195296076],[-95.25528686574621,38.95575399574817],[-95.25530532673716,38.955753900153205],[-95.25530531976446,38.95575309880068],[-95.25532114394498,38.95575301738607],[-95.25532112128592,38.95575027172378],[-95.25532639487106,38.955750244257636],[-95.2553264186835,38.95575298994721],[-95.25536070388954,38.95575281202549],[-95.25536071089783,38.95575361247759],[-95.25537917188859,38.955753516870864],[-95.25537916491503,38.955752715518344],[-95.25543191111126,38.95575244196594],[-95.25543188729473,38.95574969627641],[-95.25543716203295,38.955749668832496],[-95.25543718584963,38.95575241452206],[-95.25547146990202,38.955752236540306],[-95.25547147691151,38.95575303699235],[-95.25548993790198,38.95575294136803],[-95.25548993089227,38.95575214091594],[-95.25550839303561,38.95575204531596],[-95.2555083988924,38.95575284574072],[-95.25552686103593,38.95575275013782],[-95.2555268540607,38.95575194878533],[-95.25554267708758,38.95575186731316],[-95.2555426544199,38.955749121650925],[-95.25554792915803,38.95574909420201],[-95.25554795182592,38.95575183986423],[-95.25561915904562,38.95575146968971],[-95.25561916605686,38.95575227014176],[-95.25563762704691,38.95575217449394],[-95.25563762003547,38.95575137404187],[-95.25565344425024,38.955751291681445],[-95.2556534204251,38.955748545991966],[-95.25565869516316,38.95574851853801],[-95.25565871898847,38.9557512642275],[-95.25568604393979,38.955751122433504],[-95.25568563140541,38.95570261695328],[-95.25565638200852,38.95570276816979],[-95.2556564991793,38.955716398337735],[-95.25565679124561,38.95571639713992],[-95.25565681074647,38.955718570450415],[-95.25565651749204,38.95571857252133],[-95.25565655837377,38.95572337610686],[-95.25565320698423,38.95572339321045],[-95.25565322397071,38.955725452907316],[-95.2556510997629,38.95572546391054],[-95.25565104911463,38.95571951463921],[-95.25557749721968,38.95571989692433],[-95.25557754789669,38.95572584529532],[-95.25557542368887,38.955725856297114],[-95.25557533283403,38.95571514581339],[-95.25554976497672,38.95571527870446],[-95.25554985698089,38.95572598921551],[-95.25554773161988,38.955726000189514],[-95.25554771460152,38.955723941393025],[-95.25554243986528,38.95572396884192],[-95.25554245688348,38.95572602763843],[-95.25554033267566,38.955726038639575],[-95.25554024182611,38.9557153281558],[-95.25551467396868,38.95571546103912],[-95.25551476596752,38.95572617155024],[-95.2555126417597,38.95572618255089],[-95.25551259112311,38.95572023327951],[-95.25543903922659,38.955720615476864],[-95.255439089857,38.955726564748225],[-95.25543696564918,38.95572657574756],[-95.25543694751579,38.95572451602335],[-95.25543167277947,38.95572454346718],[-95.2554316909127,38.95572660319136],[-95.25542956670479,38.955726614190525],[-95.25542951607517,38.95572066491914],[-95.25535596417782,38.95572104706375],[-95.25535601483621,38.95572699543483],[-95.2553538906283,38.95572700643256],[-95.25535379917883,38.955716252675074],[-95.25532823132073,38.95571638551729],[-95.25532832276636,38.95572713927481],[-95.25532619855842,38.955727150272054],[-95.25532618154652,38.95572509147556],[-95.25532090681008,38.955725118914394],[-95.25532092382184,38.955727177710905],[-95.25531879961397,38.955727188708],[-95.25531876304305,38.95572289892103],[-95.25531846982356,38.955722900090706],[-95.25531845148626,38.95572072680746],[-95.2553187447407,38.955720724737404],[-95.25531870879796,38.955716478224055],[-95.2552931409397,38.95571661105856],[-95.25529323290499,38.955727321569825],[-95.2552911075439,38.95572733253912],[-95.25529105741603,38.955721340921734],[-95.25521750618023,38.95572176535178],[-95.255217556792,38.955727714623265],[-95.25521543258411,38.95572772561851],[-95.25521541445718,38.95572566589429],[-95.25521013972069,38.95572569332806],[-95.25521015784744,38.95572775305228],[-95.25520803248634,38.955727764020075],[-95.25520798187536,38.955721814748564],[-95.25513443112877,38.955722196780044],[-95.25513448176851,38.95572814515116],[-95.25513235756053,38.95572815614485],[-95.25513226561961,38.95571744563349],[-95.25510669891385,38.955717578454184],[-95.25510678969775,38.95572828893829],[-95.25510466548977,38.95572829993146],[-95.2551046484843,38.9557262411349],[-95.25509937374771,38.955726268563666],[-95.25509939075302,38.95572832736021],[-95.25509726654508,38.95572833835325],[-95.25509720458324,38.95572101715096],[-95.25508665514577,38.955721071107135],[-95.25508671707155,38.955728393209895],[-95.25508459286355,38.95572840420269],[-95.25508453090303,38.95572108300037],[-95.25505379852255,38.95572119895568],[-95.25505386110785,38.95572856343158],[-95.25505173574669,38.9557285743965],[-95.25505164281105,38.955717592593004],[-95.25503122154633,38.955717698514306],[-95.25503131563195,38.955728680345096],[-95.25502919142394,38.95572869133693],[-95.25502912884126,38.95572132686097],[-95.25499186281172,38.95572152062879],[-95.25499192197479,38.955728527238236],[-95.25498979776684,38.95572853822931],[-95.25498999742028,38.9557519891816],[-95.25499409575089,38.95575196815205],[-95.25499411839724,38.95575471381441],[-95.25502840360494,38.9557545359909]]],[[[-95.25614461540859,38.95529955826365],[-95.25614153983098,38.955294076337026],[-95.25614744477204,38.955292055851146],[-95.2561487596021,38.955294400407155],[-95.25617452697674,38.955285585221084],[-95.25617321099286,38.95528324063812],[-95.2561793838159,38.95528112825694],[-95.25618246163233,38.95528661203798],[-95.25624607296395,38.95526484874267],[-95.25624299626173,38.95525936589099],[-95.25624890119703,38.955257345399986],[-95.25625197789961,38.95526282825148],[-95.25627772536654,38.95525401978176],[-95.2562665542283,38.95523411236362],[-95.25627245699431,38.95523208821522],[-95.25628240538455,38.95524867633182],[-95.25628717459121,38.955247041722316],[-95.25628730916193,38.95524699443841],[-95.25631195657056,38.95523854475096],[-95.25630254292818,38.95522176922014],[-95.25630843146976,38.95521975464676],[-95.25631961663,38.95523968762673],[-95.25635341784245,38.95522812362951],[-95.25636881603677,38.95525536878896],[-95.25640047662829,38.95524453638395],[-95.25640776039306,38.95525683109381],[-95.25645700472275,38.95523998273941],[-95.25639688258634,38.955154101935996],[-95.25626244653961,38.955211479174544],[-95.25626231626704,38.95521153467116],[-95.25622744904874,38.95522641605075],[-95.25602258566968,38.95528994623329],[-95.25603943300348,38.955319968157355],[-95.25607350452539,38.95530831150261],[-95.25608083673549,38.955321378827534],[-95.25614461540859,38.95529955826365]]],[[[-95.25495455960372,38.95575491907717],[-95.25495456545427,38.95575571950203],[-95.25497302759928,38.95575562398722],[-95.25497300791336,38.95575330737728],[-95.25498857930552,38.95575322633156],[-95.25498836986142,38.95572863059389],[-95.25498761919597,38.95564042812111],[-95.25498751160015,38.955627773299675],[-95.25499267202603,38.95562774677472],[-95.25499273662709,38.95563529695059],[-95.25501918299565,38.95563515974792],[-95.25501896238956,38.955609305638305],[-95.25499251526357,38.955609373428594],[-95.25499257798153,38.95561676404339],[-95.25498741870959,38.95561679059563],[-95.25498734490951,38.955608199289],[-95.25500006937878,38.95560813285075],[-95.25499988958398,38.955586994006204],[-95.25498716511852,38.955587060444486],[-95.25498624282065,38.955478608826446],[-95.25492495795083,38.95547896929979],[-95.25492588144546,38.95558750656514],[-95.25491533199282,38.95558756140612],[-95.2549154801995,38.95560493599481],[-95.25492602965468,38.955604881153825],[-95.25492676062692,38.95569082469718],[-95.25492533139645,38.95569083231464],[-95.25492520754348,38.9556761890094],[-95.25490938334472,38.95567627127045],[-95.25490982747078,38.95572843738202],[-95.25492565168128,38.95572835512095],[-95.25492552667501,38.95571371178842],[-95.25492695471775,38.95571370504409],[-95.25492708951523,38.95572946342168],[-95.254916088663,38.955729520192875],[-95.25491630651277,38.955755117389444],[-95.25495455960372,38.95575491907717]]],[[[-95.25610594215196,38.95544126606474],[-95.25609295087948,38.95541811621255],[-95.25609068623262,38.95541889084067],[-95.25608786434594,38.955413861021995],[-95.25609012899267,38.955413086393946],[-95.25608391077928,38.955402006495454],[-95.25625300509222,38.95534415548717],[-95.25623023851901,38.955303585293144],[-95.25619772750281,38.95531470754788],[-95.25621485670425,38.95534523088639],[-95.25621354894419,38.955345677586074],[-95.25619211766703,38.95530749027495],[-95.25605815123944,38.95535332291916],[-95.25607958235325,38.9553915129561],[-95.25607827340339,38.95539196052737],[-95.25605684229009,38.95535377049017],[-95.25602433118858,38.955364893596666],[-95.25604577315521,38.955403101020266],[-95.25604446420485,38.95540354859118],[-95.256023023392,38.95536534119459],[-95.25592286747519,38.955399606388504],[-95.2559499441025,38.95544783901434],[-95.25598408122175,38.955436159603714],[-95.25598930943171,38.9554454767168],[-95.25605662906509,38.95542244584648],[-95.25607343220604,38.95545238831181],[-95.25610594215196,38.95544126606474]]],[[[-95.25458443008736,38.95572340121143],[-95.25458427266588,38.95570489897181],[-95.25455253304946,38.95570506394267],[-95.25455219524356,38.95566535254522],[-95.25455362447353,38.95566534493237],[-95.25455368219981,38.955672209115754],[-95.25461027499492,38.955671916173316],[-95.25461006094437,38.95564684808147],[-95.25460396309607,38.95564687942894],[-95.25460391270724,38.95564104461654],[-95.25461001170821,38.95564101329645],[-95.25460979640869,38.955615650474925],[-95.25455320446206,38.95561595244844],[-95.25455326218818,38.95562281663188],[-95.25455183411223,38.95562282427198],[-95.25455177523307,38.955615960061266],[-95.25442540231576,38.955616614793755],[-95.25442540701393,38.95561720700885],[-95.25442371919574,38.955617215706326],[-95.25441628276383,38.95570899954916],[-95.25444075039272,38.95570887329812],[-95.25444071373717,38.95570452763179],[-95.25452510715884,38.955704090068075],[-95.25452511690844,38.95570520601362],[-95.25447790868137,38.95570545077626],[-95.25447797043134,38.95572177970382],[-95.25452525603649,38.95572153406951],[-95.25452527431446,38.95572370825326],[-95.25458443008736,38.95572340121143]]],[[[-95.25591840430576,38.95553630641249],[-95.25592160092171,38.955542000293555],[-95.25612432978963,38.95547264291665],[-95.25627565676949,38.95542087100896],[-95.25627271606008,38.95541563110192],[-95.25627989602556,38.95541317485003],[-95.25626595468033,38.9553883325691],[-95.25610744890726,38.955442561633625],[-95.25592891194366,38.95550364243906],[-95.25592805907267,38.9555021235197],[-95.25593702647244,38.95549905530502],[-95.25592397266054,38.95547579310238],[-95.25588143550655,38.95549034505162],[-95.25589449042538,38.955513608186756],[-95.25591517533134,38.955506531085966],[-95.25591602820208,38.95550805000545],[-95.25587927194171,38.95552062540706],[-95.25589295731943,38.95554501196831],[-95.25591840430576,38.95553630641249]]],[[[-95.2551288095942,38.95548567283024],[-95.2551006789263,38.95548581884716],[-95.25510152103641,38.95558480751969],[-95.25521085867767,38.95558424083069],[-95.25520976998226,38.95545628641696],[-95.25520784664288,38.95545629675983],[-95.25520785110348,38.95545686553727],[-95.25520572690364,38.95545687653236],[-95.25520566622127,38.95544967071704],[-95.25513211460459,38.95545005271972],[-95.25513217643265,38.95545725856236],[-95.25513005107965,38.95545726952871],[-95.25513003180889,38.955454912373604],[-95.25510446404485,38.955455045166524],[-95.25510448446796,38.95545740234891],[-95.25510236026813,38.955457413342074],[-95.25510235469018,38.95545684363692],[-95.25510043250391,38.9554568540053],[-95.25510066488202,38.9554841593626],[-95.25512879551437,38.955484014246075],[-95.2551288095942,38.95548567283024]]],[[[-95.25565392505482,38.95558194071034],[-95.25565369002014,38.95555440097852],[-95.25565143421672,38.955554412471656],[-95.25565139364916,38.95554966026314],[-95.25565364945241,38.95554964877007],[-95.25565283440446,38.95545398627338],[-95.25564878686552,38.95545400762677],[-95.25564873053268,38.95544734264966],[-95.25557517892084,38.9554477249333],[-95.25557524086344,38.955454958715265],[-95.25557311666374,38.955454969717046],[-95.25557309622506,38.9554526125347],[-95.2555475296159,38.955452745452575],[-95.25554754890058,38.955455102607615],[-95.25554542470086,38.95545511360886],[-95.2555454202725,38.955454543931026],[-95.2555434969332,38.95545455427944],[-95.25554372948241,38.955481859635874],[-95.25557186011294,38.95548171441188],[-95.25557187535632,38.95548337302329],[-95.25554374353709,38.9554835191204],[-95.25554458626748,38.95558250778972],[-95.25565392505482,38.95558194071034]]],[[[-95.25543584137608,38.95555553212366],[-95.25543358557258,38.955555543612554],[-95.25543382052155,38.95558308334475],[-95.25554315819242,38.95558251544207],[-95.25554231549899,38.9554835258723],[-95.2555141836796,38.95548367196223],[-95.2555141695907,38.95548201337812],[-95.25554230140943,38.95548186728823],[-95.25554206886072,38.9554545619318],[-95.25554014555632,38.95545457137979],[-95.25554014998467,38.955455141057676],[-95.25553802578499,38.955455152058796],[-95.25553800534742,38.95545279487648],[-95.25551243877308,38.95545292688623],[-95.25551245917478,38.95545528496895],[-95.25551033382192,38.95545529594223],[-95.25551027303914,38.95544806218758],[-95.25543672146071,38.95544844348305],[-95.25543678338914,38.955455677265064],[-95.25543465918945,38.95545568826432],[-95.25543465357383,38.95545511945953],[-95.25543273026946,38.95545512890579],[-95.2554335450196,38.955550791403965],[-95.25543580082297,38.955550779915065],[-95.25543584137608,38.95555553212366]]],[[[-95.25532162558044,38.955583665515896],[-95.25532139255961,38.95555625560422],[-95.2553189601119,38.955556268316506],[-95.25531891806926,38.95555125742141],[-95.25532134936358,38.9555512446818],[-95.25532078319716,38.95548467594456],[-95.25529265137682,38.95548482198073],[-95.25529263729314,38.95548316339659],[-95.2553207679596,38.95548301733314],[-95.25532053832188,38.955455966188104],[-95.25531861498246,38.955455976532825],[-95.25531861777172,38.95545629112577],[-95.25531649357198,38.95545630212284],[-95.2553164731418,38.95545394494045],[-95.25529090656663,38.95545407690139],[-95.2552909258078,38.95545643495686],[-95.255288801608,38.9554564459534],[-95.25528874095217,38.95544923923776],[-95.25521518933634,38.955449621293155],[-95.25521525117286,38.955456827135706],[-95.25521312581988,38.95545683810364],[-95.25521312135923,38.95545626932613],[-95.25521119805481,38.95545627876868],[-95.255212287906,38.95558423320974],[-95.25532162558044,38.955583665515896]]],[[[-95.25532525192865,38.95555623521493],[-95.25532282063413,38.95555624795458],[-95.25532305365554,38.95558365786627],[-95.25543239129324,38.95558309096844],[-95.25543215749806,38.955555551263494],[-95.25542990169455,38.95555556275232],[-95.25542986114189,38.955550810543734],[-95.25543211694519,38.95555079905496],[-95.25543130219697,38.95545513655673],[-95.25542937885763,38.95545514690332],[-95.25542938447316,38.95545571570807],[-95.25542725912027,38.95545572667989],[-95.25542719841532,38.95544852086469],[-95.2553536467317,38.95544887506833],[-95.25535370865164,38.955456108850406],[-95.25535158445187,38.955456119848115],[-95.25535156402057,38.955453762665734],[-95.25532599741058,38.955453895534774],[-95.25532601668787,38.95545625268987],[-95.25532389248808,38.95545626368705],[-95.2553238896988,38.955455949094116],[-95.2553219663944,38.9554559585385],[-95.25532219718582,38.95548300971082],[-95.25535032781724,38.95548286454056],[-95.25535034190229,38.9554845231247],[-95.25532221123528,38.95548466919534],[-95.25532277743804,38.955551237032175],[-95.25532520988558,38.95555122431979],[-95.25532525192865,38.95555623521493]]],[[[-95.25617486319436,38.95556130251706],[-95.2562412061435,38.95553860530909],[-95.25621861440897,38.955498346569364],[-95.25621992220678,38.95549789896919],[-95.25624251509505,38.955538157736],[-95.25630883346975,38.95551546801985],[-95.256286240516,38.955475210166284],[-95.2562875494661,38.95547476259268],[-95.25630590835583,38.95550747704932],[-95.25633841594926,38.95549635558294],[-95.25630942892893,38.95544470006288],[-95.25624341830697,38.95546728350683],[-95.25624840145636,38.95547616492465],[-95.25624645613198,38.95547683085481],[-95.25622566612334,38.955439784354695],[-95.25619347436638,38.95545079790718],[-95.25621426324327,38.955487843485365],[-95.25620330957679,38.95549159200241],[-95.25620273635643,38.95549056996852],[-95.25621238219014,38.95548726995195],[-95.25619215954544,38.95545124804443],[-95.2561599737536,38.95546225632171],[-95.25618019040955,38.955498283500695],[-95.25618985263434,38.955494977565294],[-95.25619042585453,38.95549599959929],[-95.25614662535922,38.955510984975916],[-95.25617486319436,38.95556130251706]]],[[[-95.25551258132296,38.95571911823453],[-95.25551251806058,38.95571176996599],[-95.25551464342118,38.95571175899258],[-95.25551466535666,38.955714345120995],[-95.25554023206047,38.95571421221041],[-95.2555402100891,38.95571162698236],[-95.25554233433148,38.9557116150808],[-95.2555423398081,38.955712187487144],[-95.25554426315446,38.955712177138686],[-95.25554336768928,38.9556071147806],[-95.25543628578548,38.95560767119462],[-95.25543658133678,38.95564241944295],[-95.25543432553052,38.95564243093181],[-95.25543447166834,38.95565953510087],[-95.25543672751013,38.95565952271156],[-95.25543703163932,38.955695298557224],[-95.2554347758314,38.955695310046096],[-95.25543492412989,38.9557127450151],[-95.25543684744126,38.955712735568866],[-95.25543684311863,38.95571216318981],[-95.25543896732609,38.955712152190564],[-95.2554390294276,38.95571950043184],[-95.25551258132296,38.95571911823453]]],[[[-95.25510171630035,38.95560774827488],[-95.25565897155862,38.95560485569835],[-95.25565879017122,38.95558357442854],[-95.25510153508067,38.95558646700421],[-95.25510171630035,38.95560774827488]]],[[[-95.25608254280006,38.95564960135747],[-95.2560821315102,38.95564886794172],[-95.25609685883886,38.955643828971255],[-95.25609484987885,38.95564015760925],[-95.25609917098677,38.955638679128235],[-95.2561012220552,38.95564233616592],[-95.25613285944807,38.95563151229246],[-95.25613327073836,38.955632245708046],[-95.25615018080268,38.95562646080495],[-95.25614976951229,38.95562572738947],[-95.25616667842058,38.955619942456664],[-95.2561670897111,38.95562067587212],[-95.25618399980488,38.9556148900637],[-95.25618358851422,38.955614156648274],[-95.25622744986913,38.95559915106742],[-95.25622766393944,38.95559907772703],[-95.25625122641497,38.9555910169372],[-95.25625163770619,38.95559175035236],[-95.25626854663292,38.9555859645043],[-95.25626813534157,38.9555852310892],[-95.25629973990539,38.95557441901161],[-95.25629768767548,38.95557076195019],[-95.25630211640409,38.95556924635481],[-95.25630416863414,38.95557290341618],[-95.25631886430632,38.9555678762862],[-95.25631927559816,38.95556860970114],[-95.25633618447888,38.955562824743595],[-95.25633577318695,38.95556209132872],[-95.25635268325291,38.955556305495726],[-95.25635309451005,38.95555703981092],[-95.25637000342024,38.95555125394805],[-95.25636959212797,38.9555505205333],[-95.25639050155048,38.95554336755146],[-95.25637678255997,38.95551892077692],[-95.25635826292688,38.955525257023034],[-95.25635938026424,38.9555272481296],[-95.25635807131363,38.955527695704006],[-95.25635524940357,38.95552266589188],[-95.25635172609074,38.95552387126494],[-95.2563496090733,38.9555200991172],[-95.25621012338028,38.95556782097577],[-95.25620990931006,38.95556789431615],[-95.25619611701616,38.95557263369178],[-95.25619594537139,38.95557232772003],[-95.25613153012767,38.955594365767645],[-95.25613166867994,38.955594661944055],[-95.2560718377055,38.955615131274136],[-95.2560739309491,38.95561886140832],[-95.25606956305099,38.95562035590421],[-95.25607304346225,38.95562655937952],[-95.25607173566114,38.95562700697802],[-95.25607008494673,38.955624067775986],[-95.2560516062137,38.95563038962156],[-95.25606563272463,38.95565538625068],[-95.25608254280006,38.95564960135747]]],[[[-95.25529104828249,38.95572026824994],[-95.25529098504313,38.955712919981266],[-95.25529310925064,38.95571290898463],[-95.25529313233118,38.95571549514041],[-95.25531869903583,38.95571536227864],[-95.25531867707254,38.95571277705054],[-95.25532080131498,38.95571276515303],[-95.25532080678983,38.95571333755941],[-95.25532272898305,38.9557133271873],[-95.25532213122654,38.95564314289694],[-95.25531969996399,38.95564315473615],[-95.25531965091342,38.95563734338896],[-95.25532208221072,38.95563733064937],[-95.25532183500025,38.95560826485489],[-95.25521476811907,38.955608820518826],[-95.25521549738116,38.95569636278155],[-95.2552132415731,38.95569637426613],[-95.2552133911081,38.95571389488219],[-95.25521531441953,38.95571388543961],[-95.25521530894555,38.955713313033236],[-95.25521743430625,38.95571330206535],[-95.25521749638473,38.95572065030678],[-95.25529104828249,38.95572026824994]]],[[[-95.25520797274308,38.955720742076714],[-95.2552079100025,38.95571335146211],[-95.25521003536318,38.95571334049435],[-95.25521003968396,38.95571391287338],[-95.25521196303036,38.95571390253046],[-95.25521185912388,38.95570168669333],[-95.25520960359538,38.95570169097467],[-95.25520881225368,38.95560885165435],[-95.25510416164104,38.955609395024396],[-95.25510495169213,38.95570223431812],[-95.25511535453455,38.95570218049467],[-95.25511536486175,38.95570289540921],[-95.25510252726012,38.95570296188582],[-95.25510262515364,38.95571447012091],[-95.25510454734693,38.95571445975245],[-95.25510454299203,38.9557138882738],[-95.25510666719956,38.95571387728061],[-95.25510668915507,38.95571646250871],[-95.25513225697864,38.955716330615736],[-95.25513223390399,38.955713744459935],[-95.25513435926472,38.95571373349354],[-95.25513442199754,38.95572112410819],[-95.25520797274308,38.955720742076714]]],[[[-95.25603404551335,38.95560048600234],[-95.25601569857119,38.955567793412634],[-95.25601700755966,38.955567344941734],[-95.25603958732056,38.95560758271119],[-95.25610593972165,38.95558488219746],[-95.25607832693157,38.95553570956489],[-95.25605689790626,38.955497524084706],[-95.25602367205305,38.95550889073021],[-95.2559905643017,38.955520217804064],[-95.25601136493854,38.95555728532811],[-95.25600198462965,38.95556049428047],[-95.25600141703796,38.955559446243264],[-95.25600946850994,38.955556691600606],[-95.25598925300757,38.95552066622011],[-95.25595688219092,38.955531741260046],[-95.25598773771361,38.95558672605306],[-95.25599647113259,38.95558373881344],[-95.2560104092069,38.9556085747417],[-95.25603404551335,38.95560048600234]]],[[[-95.25610722529707,38.955584442183664],[-95.2561735542419,38.95556175008938],[-95.25612452874797,38.95547438608434],[-95.25605820570507,38.95549707648642],[-95.25610722529707,38.955584442183664]]],[[[-95.2564451591745,38.955418103111185],[-95.25636868576724,38.95528183011726],[-95.25635244722433,38.955287385808305],[-95.25635830918088,38.95529783181249],[-95.25635791731467,38.95529796583383],[-95.25633114862707,38.95530712416256],[-95.25637630955396,38.95538759870334],[-95.25640347013278,38.955378306342766],[-95.2564289708913,38.95542364197835],[-95.2564451591745,38.955418103111185]]],[[[-95.25558335375662,38.95567420565268],[-95.25565245168295,38.9556738468145],[-95.25565187906474,38.95560654433861],[-95.25558278092457,38.955606910379615],[-95.25558335375662,38.95567420565268]]],[[[-95.2556510393123,38.955718399594225],[-95.25565097718875,38.955711051353035],[-95.25565310139613,38.955711040349854],[-95.25565310572053,38.95571161272886],[-95.25565502906679,38.9557116023786],[-95.25565471729253,38.9556749503664],[-95.25554537947959,38.955675518374235],[-95.25554569119717,38.955712170386754],[-95.25554761454349,38.95571216003824],[-95.25554760903186,38.95571158853231],[-95.25554973323922,38.95571157753101],[-95.25554975636416,38.955714162786315],[-95.2555753230329,38.95571403076837],[-95.25557530109519,38.955711444639945],[-95.25557742530258,38.95571143363815],[-95.25557748745345,38.95571878097895],[-95.2556510393123,38.955718399594225]]],[[[-95.25510009296126,38.955584815166574],[-95.25509986295239,38.95555780546687],[-95.25505942457794,38.95555801517316],[-95.25505937439561,38.955552203798504],[-95.25509981276674,38.95555199409226],[-95.2550995496525,38.95552102183111],[-95.25502687768702,38.95552139845897],[-95.2550274208952,38.95558519269512],[-95.25510009296126,38.955584815166574]]],[[[-95.25484930331747,38.955526367722015],[-95.25492393258833,38.95552629529707],[-95.25492344769124,38.9554693237979],[-95.25484882126767,38.955469710815535],[-95.25484930331747,38.955526367722015]]],[[[-95.2545730365307,38.95575769874622],[-95.25457302956629,38.955756897393684],[-95.25460551380425,38.95575672932043],[-95.25460549131019,38.95575406927749],[-95.2546106067369,38.95575404260498],[-95.25461035678752,38.95572466851903],[-95.25454078548267,38.95572502904659],[-95.25454080466851,38.95572723930083],[-95.25446904219895,38.955727610985136],[-95.25446927621135,38.95575522460595],[-95.25454103986206,38.95575485294876],[-95.25454105789476,38.955757063175625],[-95.25455456857355,38.9557569928721],[-95.25455457553778,38.95575779422461],[-95.2545730365307,38.95575769874622]]],[[[-95.25585725352873,38.955391336619314],[-95.25585921400369,38.95539482929749],[-95.25590906212145,38.95537777556275],[-95.25588353504273,38.95533306733398],[-95.25580687554005,38.955356839546674],[-95.25583122989775,38.95540023939864],[-95.25585725352873,38.955391336619314]]],[[[-95.25637103303706,38.95549418854584],[-95.25645149250742,38.955466661264],[-95.25642818603423,38.955425128448155],[-95.25634800304758,38.9554525811457],[-95.25637103303706,38.95549418854584]]],[[[-95.25627596769891,38.955324784570024],[-95.2563557894883,38.955297475684084],[-95.25633414237015,38.95525890027304],[-95.25625432061588,38.955286209144205],[-95.25627596769891,38.955324784570024]]],[[[-95.25532599175354,38.955643122534866],[-95.25532356045598,38.955643135274606],[-95.2553238375453,38.955675682300324],[-95.25543091955296,38.955675125990155],[-95.25543078663173,38.95565955421335],[-95.2554330424735,38.95565954182415],[-95.25543289745424,38.95564243858283],[-95.25543064164802,38.95564245007166],[-95.2554306316416,38.95564122146756],[-95.25532597986451,38.955641764110105],[-95.25532599175354,38.955643122534866]]],[[[-95.25543062187772,38.95564010552216],[-95.25543059408612,38.955636897411004],[-95.25543284992717,38.9556368850218],[-95.25543260075159,38.955607690307154],[-95.25532326304082,38.95560825810565],[-95.2553235114051,38.95563732392742],[-95.25532594270241,38.95563731118774],[-95.25532597122053,38.95564064909236],[-95.25543062187772,38.95564010552216]]],[[[-95.25502911971166,38.95572025418914],[-95.25502906908079,38.95571430581794],[-95.2550311932883,38.95571429482613],[-95.25503121307963,38.95571666821561],[-95.25505233054241,38.95571661662834],[-95.25505167705516,38.95563984937711],[-95.255030560802,38.955639959571876],[-95.25503108380138,38.95570148044373],[-95.25502965572392,38.955701488089744],[-95.25502959624022,38.95569457880495],[-95.25498951104142,38.95569478693684],[-95.25498967888232,38.95571450967641],[-95.25499180308991,38.95571449868534],[-95.25499185368268,38.955720447956935],[-95.25502911971166,38.95572025418914]]],[[[-95.25492322433315,38.95544315509481],[-95.25492302306765,38.955419419316556],[-95.25492174050348,38.955419454739406],[-95.2549216344872,38.95540699732267],[-95.25484836963,38.955411379254556],[-95.25484858376353,38.95543647708674],[-95.25485072990708,38.95543649545698],[-95.25485070711058,38.95544353166923],[-95.25492322433315,38.95544315509481]]],[[[-95.2563897398904,38.95553851717066],[-95.25646646195393,38.95551227039415],[-95.25645147454019,38.955485561284995],[-95.25637475127697,38.955511809825154],[-95.2563897398904,38.95553851717066]]],[[[-95.25640794594116,38.9554093881887],[-95.25640578251843,38.9554055329325],[-95.256415352292,38.95540225903761],[-95.25640273440747,38.95537977595063],[-95.25632230098044,38.955407347973164],[-95.25633489172769,38.955429786267196],[-95.2563450077943,38.95542632523402],[-95.25634717121436,38.95543018049136],[-95.25640794594116,38.9554093881887]]],[[[-95.254463555592,38.955442651186154],[-95.25446352593328,38.955439105971905],[-95.25446967918552,38.9554390741418],[-95.25446970884454,38.955442619356084],[-95.25449832438491,38.95544247055479],[-95.25449804952542,38.9554100245073],[-95.25442540236608,38.9554064368609],[-95.2544307678662,38.955442821041714],[-95.254463555592,38.955442651186154]]],[[[-95.25554606040107,38.955673855513545],[-95.25558115267992,38.95567375881613],[-95.25558066104408,38.955607493760574],[-95.25554549737016,38.95560767618572],[-95.25554606040107,38.955673855513545]]],[[[-95.25542950627634,38.95571954987411],[-95.25542944302263,38.9557122016055],[-95.25543156838326,38.95571219063368],[-95.25543157270585,38.95571276301269],[-95.25543349605218,38.95571275266611],[-95.25543334775405,38.955695317697106],[-95.2554310919461,38.95569532918594],[-95.25543092931686,38.95567624193554],[-95.25537923028953,38.955676509633605],[-95.25537959892786,38.95571980861576],[-95.25542950627634,38.95571954987411]]],[[[-95.25599517464073,38.95545179431456],[-95.25599322931468,38.95545246024049],[-95.25600611254961,38.9554754191919],[-95.25607212325495,38.955452835883044],[-95.25605589333216,38.95542391545212],[-95.25599182912774,38.95544583285322],[-95.25599517464073,38.95545179431456]]],[[[-95.25537817085001,38.955719816266075],[-95.25537780221258,38.95567651728386],[-95.25532384734242,38.95567679734532],[-95.25532415817901,38.95571332046539],[-95.25532608037223,38.95571331009326],[-95.25532607601555,38.95571273861463],[-95.25532820022298,38.9557127276174],[-95.25532822281477,38.95571535611903],[-95.25535378951932,38.95571522324951],[-95.25535376807977,38.95571259477517],[-95.25535589228726,38.95571258377744],[-95.25535595441512,38.955719931118345],[-95.25537817085001,38.955719816266075]]],[[[-95.2550014974544,38.95560812520508],[-95.25510028686521,38.95560761259507],[-95.25510010704046,38.95558647375072],[-95.2550013176592,38.95558698636055],[-95.2550014974544,38.95560812520508]]],[[[-95.25568783914557,38.95575111265452],[-95.25572020561513,38.9557509450865],[-95.25571967179329,38.95568829023745],[-95.25568730531745,38.955688458705716],[-95.25568783914557,38.95575111265452]]],[[[-95.25630793855883,38.95544339857596],[-95.2562932793086,38.95541727669658],[-95.25622790619894,38.95543964270217],[-95.25624017526289,38.955461506525154],[-95.25624312541532,38.955460496675386],[-95.25624551341569,38.95546475108377],[-95.25630793855883,38.95544339857596]]],[[[-95.25503080574687,38.9555202630901],[-95.25505893642871,38.95552011709016],[-95.25505838441221,38.95545524117796],[-95.25503025375625,38.955455387177786],[-95.25503080574687,38.9555202630901]]],[[[-95.25593833542524,38.95549860773541],[-95.25597066646269,38.955487546178986],[-95.2559452507495,38.955442256609246],[-95.25591292088193,38.955453318185874],[-95.25593833542524,38.95549860773541]]],[[[-95.25484960911503,38.9555867010513],[-95.25484937356075,38.9555589450046],[-95.25484563660177,38.955558963770265],[-95.25484561883856,38.95555677608057],[-95.25479182913527,38.95555705529698],[-95.25479208389397,38.95558708017825],[-95.25484960911503,38.9555867010513]]],[[[-95.25632170179563,38.9554062811655],[-95.25637510117603,38.9553880126089],[-95.25636028368541,38.95536171486004],[-95.2563069345711,38.95537996747577],[-95.25632170179563,38.9554062811655]]],[[[-95.2564289708913,38.95542364197835],[-95.25641939676777,38.955406687823675],[-95.25633762134528,38.95543466609541],[-95.25634714866244,38.95545163627272],[-95.2564289708913,38.95542364197835]]],[[[-95.25630636135014,38.955378945442334],[-95.2563597104289,38.955360693727286],[-95.25634523043934,38.95533488972197],[-95.25629188134138,38.955353142330814],[-95.25630636135014,38.955378945442334]]],[[[-95.25634465718325,38.955333868589136],[-95.25632989000027,38.95530755400177],[-95.25627654091896,38.95532580660359],[-95.25628783846669,38.955345936910035],[-95.2562966385522,38.95534292599214],[-95.25630010820693,38.95534910937911],[-95.25634465718325,38.955333868589136]]],[[[-95.2548495969062,38.955728749783795],[-95.25484936006076,38.95570090809061],[-95.25479305469705,38.95570119984489],[-95.25479312575338,38.955709593719256],[-95.25479169767567,38.955709601362344],[-95.25479179057093,38.95572058316604],[-95.25479321976704,38.955720576450695],[-95.25479329152033,38.95572904153817],[-95.2548495969062,38.955728749783795]]],[[[-95.25596139399738,38.95565391149056],[-95.25602254922715,38.95563298869897],[-95.25601040655765,38.955611348643416],[-95.2559491906106,38.95563217085675],[-95.25596139399738,38.95565391149056]]],[[[-95.25594677882565,38.95562787532406],[-95.25600773799945,38.95560688841978],[-95.25599573658485,38.95558520754559],[-95.25593457551776,38.95560613288789],[-95.25594677882565,38.95562787532406]]],[[[-95.25455395249523,38.955703941284774],[-95.25460444519116,38.955703678734615],[-95.25460419005891,38.95567360607764],[-95.25455369626621,38.95567386769999],[-95.25455395249523,38.955703941284774]]],[[[-95.256242526648,38.95539453731909],[-95.25627503654071,38.95538341502455],[-95.256253578382,38.95534517572006],[-95.25622106843359,38.955356299809424],[-95.256242526648,38.95539453731909]]],[[[-95.2547932484783,38.955642150871036],[-95.25484486518822,38.95564189230041],[-95.25484480170924,38.9556387121827],[-95.25484832973933,38.95563869387751],[-95.25484812849838,38.955614958099495],[-95.2547930233081,38.955614989877105],[-95.2547932484783,38.955642150871036]]],[[[-95.25619808041621,38.95538236079415],[-95.25619581577159,38.9553831354243],[-95.25620870779574,38.95540610717723],[-95.25624121769904,38.95539498489218],[-95.25621975952016,38.95535674648183],[-95.25618724959607,38.95536786966135],[-95.25619290319952,38.95537794394575],[-95.25619516784401,38.95537716931564],[-95.25619808041621,38.95538236079415]]],[[[-95.25620739884636,38.955406554749956],[-95.25619450797576,38.955383583024194],[-95.25619224333113,38.955384357654275],[-95.25618932957114,38.95537916704876],[-95.25619159316737,38.95537838969022],[-95.25618594064731,38.95536831723382],[-95.25615343074753,38.955379439503375],[-95.25617488889742,38.95541767792587],[-95.25620739884636,38.955406554749956]]],[[[-95.25614138819245,38.95542913903627],[-95.25617357994766,38.95541812549821],[-95.25615212277674,38.955379891604714],[-95.25611993222375,38.95539090426373],[-95.25614138819245,38.95542913903627]]],[[[-95.25609652451155,38.95541689311254],[-95.25609425982974,38.95541766864114],[-95.25610725110256,38.95544081849318],[-95.25613944286842,38.95542980496462],[-95.256117984734,38.955391566535596],[-95.25608579298223,38.95540258005824],[-95.2560914367897,38.95541263879525],[-95.25609370143641,38.955411864167075],[-95.25609652451155,38.95541689311254]]],[[[-95.256004167223,38.95547608511799],[-95.25599128283538,38.955453126139076],[-95.25598933635607,38.955453792037595],[-95.25598562386448,38.95544717481262],[-95.2559875703087,38.95544650981453],[-95.25598270911274,38.95543784756445],[-95.25595051948537,38.955448864705694],[-95.25597197541501,38.95548709860896],[-95.256004167223,38.95547608511799]]],[[[-95.2564782275276,38.955474251336916],[-95.25651526307294,38.95546161386415],[-95.25651335983723,38.9554582216869],[-95.25651794996243,38.955456651323075],[-95.25650488083642,38.95543336269221],[-95.25649952686238,38.95543519435976],[-95.2564981159216,38.955432679005234],[-95.2564618592996,38.95544508346282],[-95.2564782275276,38.955474251336916]]],[[[-95.2549877310323,38.95548570154085],[-95.25502908137972,38.955485487316395],[-95.25502879487915,38.955451818941626],[-95.25498744451644,38.95545203406638],[-95.2549877310323,38.95548570154085]]],[[[-95.25498802730526,38.955520484960715],[-95.25502937767308,38.955520270736145],[-95.25502909117216,38.955486602361454],[-95.25498774078913,38.955486817486296],[-95.25498802730526,38.955520484960715]]],[[[-95.25614389925133,38.95550131702843],[-95.25614163575551,38.955502091684814],[-95.25614605213954,38.9555099629417],[-95.25617824508392,38.95549894942973],[-95.25615802832397,38.95546292495154],[-95.25612583654598,38.95547393848527],[-95.25613872311261,38.95549690200575],[-95.2561409877615,38.9554961273767],[-95.25614389925133,38.95550131702843]]],[[[-95.2548510249843,38.955728742139975],[-95.25490839890243,38.95572848737243],[-95.25490819840805,38.95570482100705],[-95.25485082398382,38.955705119020756],[-95.2548510249843,38.955728742139975]]],[[[-95.25485078305512,38.95570019917471],[-95.25490815628723,38.955699902034105],[-95.25490795530267,38.95567627801455],[-95.25485058205476,38.95567657605543],[-95.25485078305512,38.95570019917471]]],[[[-95.25506036565567,38.955520109471074],[-95.25509953985895,38.95551990678607],[-95.25509925332467,38.955486238411574],[-95.25506007910509,38.955486441996875],[-95.25506036565567,38.955520109471074]]],[[[-95.25509924468422,38.95548512339383],[-95.25509900327813,38.955456861624846],[-95.25509358196997,38.95545688918773],[-95.25509353680746,38.95545148348243],[-95.25505978279679,38.955451658577076],[-95.25506006934711,38.955485326051424],[-95.25509924468422,38.95548512339383]]],[[[-95.25600296228909,38.95533244581165],[-95.25603812520778,38.955320415755416],[-95.25602125732756,38.95529035819724],[-95.25598555684779,38.95530142924131],[-95.25600296228909,38.95533244581165]]],[[[-95.25637237621568,38.95528562598007],[-95.25641398670079,38.955271390787296],[-95.25639974090433,38.95524600599182],[-95.25635813039634,38.95526024207986],[-95.25637237621568,38.95528562598007]]],[[[-95.2564020120227,38.95533843778636],[-95.2564436225329,38.95532420258306],[-95.25642937786836,38.95529881781859],[-95.25638776733521,38.95531305391721],[-95.2564020120227,38.95533843778636]]],[[[-95.25644646812258,38.95541765553579],[-95.25648807751732,38.95540342028933],[-95.2564738328208,38.95537803553045],[-95.25643222225003,38.95539227164497],[-95.25644646812258,38.95541765553579]]],[[[-95.25646128607589,38.95544406143016],[-95.25649754266252,38.95543165787317],[-95.25649730731357,38.955431238642845],[-95.25650266128736,38.955429406975384],[-95.25648865192917,38.955404441448735],[-95.25644704134588,38.955418677568495],[-95.25646128607589,38.95544406143016]]],[[[-95.25642118129643,38.95536169324013],[-95.25642196397364,38.95536308792837],[-95.25645844161878,38.95535060850528],[-95.2564441957904,38.955325223715384],[-95.25640258639787,38.95533945984664],[-95.25641604841883,38.955363449025654],[-95.25642118129643,38.95536169324013]]],[[[-95.25506362746621,38.95563867232309],[-95.25506337356401,38.95560891963498],[-95.25502049925112,38.955609141952664],[-95.25502072072764,38.955635151994485],[-95.25503051863629,38.95563510098002],[-95.25503055104443,38.95563884362642],[-95.25506362746621,38.95563867232309]]],[[[-95.2548885851443,38.955640284160715],[-95.25492489983752,38.95564009584092],[-95.25492461021683,38.95560600381632],[-95.25488816519598,38.9556062791722],[-95.2548885851443,38.955640284160715]]],[[[-95.25488875133784,38.95567517625336],[-95.25492519778757,38.9556750730639],[-95.25492490962837,38.955641210885986],[-95.25488846333361,38.95564139969481],[-95.25488875133784,38.95567517625336]]],[[[-95.25642331987339,38.95536550464945],[-95.2564181869956,38.95536726043501],[-95.25643164902714,38.95539124961216],[-95.25646790559192,38.9553788460644],[-95.2564662905448,38.9553759689953],[-95.25647164455016,38.95537413642895],[-95.25645901487663,38.955351629637576],[-95.25642253723107,38.955364109060824],[-95.25642331987339,38.95536550464945]]],[[[-95.25596887438986,38.95534410746586],[-95.25600165333978,38.95533289338204],[-95.25598422850524,38.955301841204786],[-95.25595094753184,38.95531216200565],[-95.25596887438986,38.95534410746586]]],[[[-95.25593589421929,38.955355390678534],[-95.25596756659331,38.955344555063135],[-95.2559496191889,38.95531257396878],[-95.25591746327684,38.95532254557771],[-95.25593589421929,38.955355390678534]]],[[[-95.25638719411366,38.95531203188421],[-95.25642345064557,38.9552996283502],[-95.2564201893188,38.95529381669457],[-95.2564255432842,38.95529198503063],[-95.25641455995739,38.955272411919836],[-95.25637294943682,38.955286648013185],[-95.25638719411366,38.95531203188421]]],[[[-95.25591819294353,38.95561051983028],[-95.25595136861115,38.95559916914909],[-95.25593411079906,38.95556842192748],[-95.2559007885542,38.955579505076045],[-95.25591819294353,38.95561051983028]]],[[[-95.25590415397333,38.95536624991336],[-95.25593458642227,38.95535583827546],[-95.25591613493351,38.95532295754045],[-95.25588527821105,38.955332613820005],[-95.25590415397333,38.95536624991336]]],[[[-95.255053354149,38.95566909592686],[-95.25510080825426,38.955668849541915],[-95.255100598421,38.95564429254858],[-95.25505314552035,38.955644538060334],[-95.255053354149,38.95566909592686]]],[[[-95.25460979711936,38.955447818356284],[-95.25460952297267,38.955415530942474],[-95.25457346148632,38.95541374967478],[-95.2545737367697,38.95544603711599],[-95.25460979711936,38.955447818356284]]],[[[-95.25477619039962,38.95544787039804],[-95.25481230918466,38.955445710106574],[-95.25481203567583,38.95541355248667],[-95.25477591690715,38.955415712778056],[-95.25477619039962,38.95544787039804]]],[[[-95.25505357177072,38.95569461110538],[-95.25510102473996,38.95569436469301],[-95.25510081689475,38.95566996455966],[-95.2550533639419,38.95567021097193],[-95.25505357177072,38.95569461110538]]],[[[-95.25453559356505,38.955444153370856],[-95.25453531829905,38.95541186592958],[-95.2544994780139,38.95541009528413],[-95.25449975322857,38.955442383625936],[-95.25453559356505,38.955444153370856]]],[[[-95.25457230709223,38.95544596721318],[-95.25457203299763,38.95541367889887],[-95.25453674797578,38.955411935832885],[-95.25453702205427,38.955444224147264],[-95.25457230709223,38.95544596721318]]],[[[-95.25590021533752,38.955578483040604],[-95.25593338746361,38.95556713408343],[-95.25591731184774,38.95553849125656],[-95.25588414092064,38.95554983933608],[-95.25590021533752,38.955578483040604]]],[[[-95.25443467069974,38.95547074324447],[-95.25447503169417,38.95547053372719],[-95.2544749137397,38.955443735757626],[-95.25443083541138,38.95544396449139],[-95.25443467069974,38.95547074324447]]],[[[-95.25474149936755,38.95544144248036],[-95.2547392828101,38.95544145398366],[-95.25473935661404,38.95545007413055],[-95.25477476159116,38.95544795642992],[-95.2547744880994,38.95541579880996],[-95.25473908313832,38.955417916510505],[-95.254739243522,38.95543687844342],[-95.25474146007929,38.95543686694013],[-95.25474149936755,38.95544144248036]]],[[[-95.2550537893926,38.955720126283815],[-95.2550958210156,38.9557199083347],[-95.25509577459476,38.95571450530342],[-95.25510119595765,38.95571447684008],[-95.25510103449864,38.95569548063845],[-95.25505358156363,38.955695726150424],[-95.2550537893926,38.955720126283815]]],[[[-95.25473792784047,38.95545015926155],[-95.25473785473787,38.95544146162611],[-95.25473563818042,38.95544147312935],[-95.2547355989275,38.95543689668873],[-95.25473781548476,38.955436885185485],[-95.25473765436544,38.95541800164151],[-95.25470299675872,38.95542007484252],[-95.25470327021797,38.95545223246264],[-95.25473792784047,38.95545015926155]]],[[[-95.25485119642646,38.95560526958857],[-95.25491405097078,38.95560494361213],[-95.2549139039176,38.95558756905072],[-95.25485104823562,38.95558789499976],[-95.25485119642646,38.95560526958857]]],[[[-95.25481373680486,38.95544562494728],[-95.25484506480984,38.95544375135592],[-95.25484500801082,38.95543644649693],[-95.25484715415436,38.95543646486725],[-95.25484694201053,38.95541146441428],[-95.25481346329536,38.95541346732744],[-95.25481373680486,38.95544562494728]]],[[[-95.25506505554245,38.955638664676634],[-95.25510054942342,38.95563848030091],[-95.25510029662387,38.95560872854054],[-95.25506480275783,38.95560891291621],[-95.25506505554245,38.955638664676634]]],[[[-95.25583088625426,38.95545496524568],[-95.25586568475694,38.95544304827967],[-95.25585444891942,38.955423025734724],[-95.2558196481883,38.95543494084197],[-95.25583088625426,38.95545496524568]]],[[[-95.25488769095286,38.95556927362683],[-95.25492360042877,38.955569086528826],[-95.25492342281503,38.95554827848415],[-95.25488751453786,38.955548464709025],[-95.25488769095286,38.95556927362683]]],[[[-95.25591234651294,38.95545229612324],[-95.25594467753328,38.95544123457406],[-95.25593444350864,38.95542299673761],[-95.25590211249498,38.955434058284],[-95.25591234651294,38.95545229612324]]],[[[-95.25489168043335,38.9555473277662],[-95.25492410918733,38.95554715919356],[-95.25492394119104,38.955527411215215],[-95.25489151248104,38.955527578887434],[-95.25489168043335,38.9555473277662]]],[[[-95.25583930773183,38.95546997256555],[-95.2558741116218,38.955458065637835],[-95.25586653759088,38.95544456809992],[-95.25583173793447,38.955456485038866],[-95.25583930773183,38.95546997256555]]],[[[-95.25489473691309,38.95558646726381],[-95.25492433263292,38.95558631362543],[-95.25492419679493,38.95557028485604],[-95.25489459992865,38.95557043846706],[-95.25489473691309,38.95558646726381]]]]},"properties":{"SDE.FloorAll.FLOORLOCATION":"3"}},{"type":"Feature","geometry":{"type":"MultiPolygon","coordinates":[[[[-95.25484348031249,38.95570034620234],[-95.2556880500144,38.95569826361518],[-95.25568790472138,38.955662436558256],[-95.25590383262343,38.955589425688],[-95.25592474574907,38.955627133055025],[-95.25644228587244,38.9554521932692],[-95.25637082669637,38.955323256825295],[-95.25636708537425,38.95532481572641],[-95.25599296835931,38.95545157086587],[-95.25596059533206,38.95539301195524],[-95.25596065773802,38.95539024487511],[-95.25595816164216,38.95538574276933],[-95.25581714905617,38.95543340098141],[-95.25582976875772,38.95545574358837],[-95.25568757422252,38.95550393153006],[-95.25568755161626,38.955496665334294],[-95.25484273352293,38.95549887536079],[-95.25484348031249,38.95570034620234]]],[[[-95.25637829638393,38.9554987728117],[-95.25638533003736,38.95551138604385],[-95.25643496543803,38.95549448836953],[-95.25642793191732,38.955481841798445],[-95.25637829638393,38.9554987728117]]],[[[-95.25452055722624,38.95572138405033],[-95.2545431511678,38.95572129722293],[-95.25454315268719,38.95572188215292],[-95.25457214213912,38.95572182689982],[-95.25457210203861,38.955708743790986],[-95.25452058585299,38.9557088793517],[-95.25452055722624,38.95572138405033]]]]},"properties":{"SDE.FloorAll.FLOORLOCATION":"4"}},{"type":"Feature","geometry":{"type":"Polygon","coordinates":[[[-95.25447800684724,38.95572604245189],[-95.25446902865436,38.95572608759678],[-95.25446929292679,38.95575812243518],[-95.25459240521106,38.955757502191744],[-95.25464951266738,38.95575721420546],[-95.25465329003273,38.955757195501405],[-95.25476121660354,38.95575665169358],[-95.25486917549647,38.9557561076494],[-95.25487296673467,38.955756088365476],[-95.25497161957986,38.95575559065121],[-95.25514130373813,38.95575473502924],[-95.25514159349824,38.95575473377815],[-95.25544626812994,38.955753196385295],[-95.25555770376378,38.95573706894059],[-95.25556144960866,38.95573699989359],[-95.25569249381513,38.95575195372085],[-95.25572020535802,38.9557518138595],[-95.25572002709931,38.95573036233342],[-95.25571999008757,38.955725875168845],[-95.25571968261899,38.955688784363915],[-95.25573290907315,38.95568426146254],[-95.25575452381783,38.9556768711426],[-95.25575459719947,38.95567700265562],[-95.25575502246349,38.95567776253879],[-95.25575570795277,38.955678984600176],[-95.25575905010226,38.95568494328514],[-95.25576379464448,38.955683320729605],[-95.25581935573955,38.95566432222625],[-95.25581132875692,38.95565003440653],[-95.2558118645282,38.9556498506209],[-95.25581595759397,38.95564844876415],[-95.25583317546892,38.9556790941216],[-95.25587325924862,38.955665364615555],[-95.25586408019545,38.95564902899037],[-95.25588232719727,38.9556427900094],[-95.25588777125532,38.95564092805771],[-95.2559068160386,38.95563441595859],[-95.25594226824988,38.95569762236612],[-95.25609286256702,38.95564612714169],[-95.25624153824437,38.95559528837489],[-95.25638693727747,38.95554556870887],[-95.25647397362769,38.95551580970419],[-95.25655122752461,38.95548938980572],[-95.2565335622386,38.95545789403412],[-95.2565206445421,38.95546231528268],[-95.25649970070968,38.955424975902524],[-95.2564269108506,38.955295201412454],[-95.2564062456558,38.95525835797014],[-95.25645712496218,38.95524095890534],[-95.25639702393121,38.955155069589274],[-95.25629835368098,38.955197163127885],[-95.25622757288444,38.95522735895687],[-95.25612749832595,38.955258376436156],[-95.25592325764973,38.95532167875531],[-95.25576110156607,38.95537193758441],[-95.25576116310155,38.95537204718769],[-95.25579438911193,38.95543128514138],[-95.25579422067928,38.95543134243795],[-95.25579324859216,38.955431675412875],[-95.25578578087458,38.955434229366126],[-95.25578570749317,38.95543409785316],[-95.25578528104212,38.95543333884313],[-95.25578314151909,38.95542952289288],[-95.25574031331088,38.95544416883849],[-95.25574014487817,38.955444226134965],[-95.25568752703633,38.955462218202925],[-95.25568768292246,38.95548115388652],[-95.25568160818715,38.955481184936126],[-95.25568159841934,38.95548006899067],[-95.2556843771634,38.95548005545537],[-95.25568424067094,38.955463563446635],[-95.25568372086273,38.95540078636045],[-95.25544430718759,38.955421655750285],[-95.25542819623351,38.95542306059699],[-95.25513837489683,38.95541266678222],[-95.2550034079155,38.955407825790545],[-95.25498881921489,38.95540730285106],[-95.25498894742717,38.955422815038744],[-95.25496864988074,38.95542291756757],[-95.25492184387893,38.95542315310383],[-95.25492171606301,38.95540774997312],[-95.25490240270166,38.95540890228564],[-95.25475871283625,38.9554174755707],[-95.25470240628178,38.95542083501193],[-95.25453154397712,38.955412371362065],[-95.25442548442817,38.95540711742545],[-95.25443540224356,38.95547449343549],[-95.25442925106398,38.95555018662938],[-95.2544618909672,38.9555518031024],[-95.25448842930471,38.9556311651208],[-95.25448847700619,38.955636593418085],[-95.25442757467896,38.955709621129415],[-95.25447786847498,38.95570936834375],[-95.25447800684724,38.95572604245189]]]},"properties":{"SDE.FloorAll.FLOORLOCATION":"ROOF"}}]}
