{"type":"FeatureCollection","features":[{"type":"Feature","geometry":{"type":"Polygon","coordinates":[[[-95.25640854056657,38.95664155774427],[-95.25640630101934,38.95664772138441],[-95.2564460494285,38.956656530526985],[-95.25645829190583,38.956622853131016],[-95.25646731318584,38.95662485282229],[-95.25646571223534,38.95662925436301],[-95.25647022345241,38.95663025422211],[-95.25648782610156,38.95658182987813],[-95.25650445880049,38.956585515614755],[-95.25649509787031,38.956611269155836],[-95.25655993607701,38.956625638580604],[-95.25656121664397,38.9566221162611],[-95.2565561423582,38.956620992231905],[-95.2565608628609,38.95660800555618],[-95.25660963258522,38.956618813425706],[-95.25661091311464,38.956615292005985],[-95.25660583886358,38.95661416707859],[-95.25660839995743,38.95660712333889],[-95.25665181388491,38.956616744626615],[-95.25666309495412,38.95658570937901],[-95.25665520204558,38.95658395990464],[-95.25665776198028,38.95657691613651],[-95.25666001757101,38.95657741651254],[-95.25666129813212,38.956573894191926],[-95.25665904250654,38.956573394716266],[-95.25666160359368,38.956566350975386],[-95.25666949650038,38.95656810044932],[-95.25668077874222,38.9565370643268],[-95.25663736140017,38.95652744296796],[-95.25663992591237,38.95652040020977],[-95.2566450001922,38.956521524235306],[-95.25664627956493,38.956518002787874],[-95.2565975099395,38.95650719403329],[-95.25660223039198,38.956494208256174],[-95.25660730582257,38.95649533231065],[-95.25660858519664,38.95649181086369],[-95.25651005836154,38.95646997526813],[-95.25651710076009,38.95645060610119],[-95.25658743652588,38.95646619337468],[-95.25658871590049,38.95646267192788],[-95.25658364166071,38.95646154699947],[-95.25658620275127,38.956454503260126],[-95.25662961658202,38.956464124556305],[-95.25664089878978,38.956433089337764],[-95.25663300474567,38.956431339834594],[-95.25663556583027,38.956424296094156],[-95.25663782029768,38.95642479554297],[-95.2566391008222,38.956421274122896],[-95.25663684520165,38.95642077464685],[-95.25663940628547,38.95641373090635],[-95.25664729917459,38.956415480381786],[-95.25665858140181,38.956384444261026],[-95.25661516761605,38.95637482297564],[-95.25661772870032,38.95636777923556],[-95.2566228029339,38.95636890416248],[-95.25662408345814,38.956365382742604],[-95.2565753127882,38.956354573951266],[-95.25658099453756,38.95633894600528],[-95.2565257408637,38.95632670135292],[-95.25653862179725,38.95629126274697],[-95.25649182640966,38.95628089178904],[-95.25645733985601,38.95637576037247],[-95.25647650963835,38.956380008129955],[-95.2564228995057,38.956527482780075],[-95.25635101307161,38.95651155139596],[-95.25633252916091,38.95656239718113],[-95.25633703921866,38.956563397018094],[-95.25633847998564,38.95655943509011],[-95.25635511267151,38.95656312084812],[-95.2563412691628,38.95660120067281],[-95.25634578041127,38.95660219963632],[-95.25634682063342,38.95659933853636],[-95.25635584078907,38.95660133730864],[-95.25634399881204,38.95663391386576],[-95.25638374835889,38.95664272305705],[-95.25638598787297,38.95663656031771],[-95.25639500918768,38.95663855911426],[-95.2563943694765,38.95664032028676],[-95.25639887954009,38.9566413201213],[-95.2563995204043,38.95663955897609],[-95.25640854056657,38.95664155774427]]]},"properties":{"SDE.FloorAll.FLOORLOCATION":"-1"}},{"type":"Feature","geometry":{"type":"MultiPolygon","coordinates":[[[[-95.25656997077921,38.95657625018866],[-95.25657029007318,38.95657536913808],[-95.25656986779877,38.9565752753326],[-95.25656126876164,38.95657337035518],[-95.25656158917394,38.95657249023228],[-95.25655933358406,38.95657198985437],[-95.2565590131368,38.956572870877615],[-95.25654830157502,38.956570496844314],[-95.25654717435677,38.95657024666885],[-95.25654491876706,38.956569746290626],[-95.25654347110132,38.95657037713838],[-95.25654091000231,38.95657742087665],[-95.25654171796126,38.95657855120229],[-95.25655017505221,38.956580425785745],[-95.2565500949578,38.95658064559137],[-95.25655079990179,38.95658080196123],[-95.25655071980738,38.95658102176686],[-95.25655494835307,38.95658195905829],[-95.25655502844741,38.95658173925272],[-95.25655573342637,38.95658189472216],[-95.2565476519295,38.95660412592072],[-95.25655864616594,38.95660656251835],[-95.25655844589504,38.95660711293283],[-95.25655604617312,38.95661371618709],[-95.25655588594937,38.956614156698706],[-95.25655348507378,38.95662075992561],[-95.25655328483771,38.95662130943969],[-95.25649944083628,38.95660937751478],[-95.25651952561982,38.95655412926141],[-95.25651994789405,38.95655422306703],[-95.2565203472481,38.95655312311139],[-95.2565199249738,38.95655302930571],[-95.25652096522323,38.95655016730381],[-95.25644682312117,38.95653373650076],[-95.25644618341221,38.95653549767356],[-95.25644646492825,38.956535560210845],[-95.25644634478626,38.95653588991915],[-95.25644775467288,38.95653620266017],[-95.25644761506632,38.956536587783674],[-95.25645776358746,38.95653883675182],[-95.25645762499472,38.956539136283126],[-95.25645726002735,38.956539796354356],[-95.25645682342297,38.956540428594906],[-95.25645631766267,38.9565410285575],[-95.2564557463459,38.95654159272239],[-95.25645511317667,38.95654211486863],[-95.25645442517911,38.95654259245878],[-95.25645368598737,38.956543021072754],[-95.25645290262543,38.95654339817298],[-95.25645207869265,38.956543720239885],[-95.2564512223662,38.95654398476323],[-95.25645034060003,38.95654419100625],[-95.25644943814667,38.95654433547666],[-95.25644852307848,38.95654441836539],[-95.25644760234945,38.95654443893581],[-95.25644668172548,38.956544397324336],[-95.25644577046707,38.956544292848854],[-95.25644487430507,38.95654412654622],[-95.25644346441835,38.95654381380518],[-95.25644334424139,38.956544144413876],[-95.2564219199819,38.95653939629765],[-95.25642203900573,38.95653906566166],[-95.25642063023743,38.95653875384803],[-95.25642051009531,38.956539083556315],[-95.25642022857924,38.956539021018955],[-95.25641958771647,38.956540782164325],[-95.2564198703857,38.95654084472898],[-95.25641938974726,38.95654216536288],[-95.25639852852198,38.956537542317],[-95.25639956877606,38.956534680316175],[-95.25639972896566,38.956534240705125],[-95.25639831907927,38.95653392796355],[-95.25639815885472,38.95653436847494],[-95.25639671809161,38.956538330403745],[-95.25639603833396,38.95654020147901],[-95.25639575681797,38.95654013894162],[-95.256394556374,38.956543440553475],[-95.25639483904322,38.95654350311814],[-95.25639399794264,38.95654581377713],[-95.25639540782919,38.956546126518745],[-95.25639812801296,38.95653864224495],[-95.25640743194978,38.9565407045056],[-95.25640647182568,38.95654334580063],[-95.25640551054835,38.95654598706835],[-95.25641058597947,38.95654711113143],[-95.2564111490116,38.95654723620621],[-95.2564109887871,38.9565476767176],[-95.25641549999818,38.956548676578834],[-95.25641566022267,38.95654823606744],[-95.25641622325477,38.956548361142154],[-95.25641960609529,38.9565491107992],[-95.25641400557629,38.956564518058364],[-95.25641118576732,38.95656389347588],[-95.2564013199134,38.95656170706845],[-95.25640067904989,38.95656346821373],[-95.25640237048789,38.95656384259226],[-95.25639836976444,38.95657484828357],[-95.25639820953981,38.95657528879492],[-95.2563993379458,38.95657553809872],[-95.25639949813548,38.95657509848774],[-95.25640333863417,38.95656453330784],[-95.25642194427894,38.9565686559722],[-95.25642178405445,38.95656909648365],[-95.25642234823991,38.95656922158562],[-95.25642230427866,38.95656934311168],[-95.25642229501811,38.9565693735341],[-95.25641936415005,38.95657743861782],[-95.25641935146491,38.95657746805801],[-95.25641930764343,38.95657758598243],[-95.25641874345786,38.95657746088043],[-95.25641842419691,38.95657834103024],[-95.25642349844249,38.95657946596586],[-95.25642266377236,38.95658175965393],[-95.25642262928154,38.95658178587445],[-95.2564225936376,38.956581812067704],[-95.25642255911187,38.95658183918866],[-95.25642253646751,38.95658185757848],[-95.2564225137881,38.95658187686873],[-95.25642249110875,38.956581896158944],[-95.25642246842942,38.95658191544919],[-95.25642244575006,38.956581934739425],[-95.25642242418897,38.95658195495732],[-95.2564224014397,38.95658197604839],[-95.25642237987853,38.956581996266294],[-95.25642235828249,38.95658201738465],[-95.2564223366515,38.95658203940336],[-95.25642231502043,38.95658206142208],[-95.25642229338943,38.95658208344079],[-95.25642227291164,38.95658210548678],[-95.25642225239882,38.95658212843315],[-95.25642223073284,38.95658215135227],[-95.25642221133833,38.95658217522636],[-95.25642219082549,38.956582198172775],[-95.25642217139605,38.95658222294722],[-95.25642215200148,38.9565822468213],[-95.25642213257197,38.956582271595785],[-95.25642211314246,38.956582296370264],[-95.25642209486617,38.956582321172064],[-95.25642207655488,38.95658234687419],[-95.25642205824361,38.956582372576335],[-95.25642203993233,38.95658239827852],[-95.25642202277426,38.95658242400796],[-95.25642200558126,38.95658245063781],[-95.25642198838823,38.956582477267624],[-95.25642197234839,38.956582503924785],[-95.25642195627357,38.95658253148234],[-95.25642194023372,38.95658255813947],[-95.25642192415891,38.95658258569698],[-95.25642190923728,38.95658261328178],[-95.25642189431571,38.95658264086662],[-95.25642188051233,38.95658266937911],[-95.2564218667089,38.956582697891626],[-95.2564218529405,38.95658272550372],[-95.25642183913713,38.95658275401624],[-95.256421826452,38.95658278345642],[-95.25642181495498,38.95658281202348],[-95.25642180230477,38.95658284056329],[-95.25642179077279,38.95658287003073],[-95.2564217792758,38.956582898597794],[-95.256421768897,38.95658292809256],[-95.25642175851823,38.956582957587315],[-95.25642174813943,38.95658298708208],[-95.25642173891383,38.95658301660415],[-95.25642172968823,38.95658304612618],[-95.25642172161582,38.9565830756755],[-95.25642171354346,38.95658310522484],[-95.25642170547103,38.956583134774164],[-95.25642169855178,38.956583164350796],[-95.25642169159762,38.95658319482779],[-95.25642168467834,38.95658322440443],[-95.2564216789123,38.95658325400835],[-95.25642167314626,38.956583283612275],[-95.25642166853342,38.95658331324346],[-95.25642166392055,38.956583342874666],[-95.25642165930768,38.956583372505854],[-95.25642165584803,38.956583402164355],[-95.25642165238833,38.95658343182284],[-95.25642164892862,38.95658346148133],[-95.25642164665709,38.956583490266674],[-95.25642164435061,38.956583519952474],[-95.25642164323223,38.956583548765124],[-95.25642164207893,38.95658357847818],[-95.25642164096058,38.956583607290874],[-95.25642164099536,38.956583636130816],[-95.25642164103017,38.95658366497076],[-95.25642164109998,38.95658369291036],[-95.25642164228793,38.956583721777555],[-95.25642164351092,38.956583749744404],[-95.25642164588706,38.95658377773856],[-95.25642164710996,38.9565838057054],[-95.25642164948611,38.95658383369951],[-95.25642165301541,38.956583861720965],[-95.25642165657972,38.956583888842],[-95.25642166014397,38.95658391596301],[-95.25642166370822,38.95658394308405],[-95.25642166842569,38.95658397023236],[-95.25642167317805,38.95658399648024],[-95.25642167904871,38.95658402365584],[-95.25642168380108,38.95658404990379],[-95.25642168974161,38.956584075278556],[-95.25642169680039,38.95658410158106],[-95.25642170274091,38.95658412695587],[-95.2564217128049,38.95658416504538],[-95.25642172405699,38.95658420226175],[-95.25642173649726,38.956584238605046],[-95.2564217489375,38.956584274948355],[-95.25642077714157,38.956586949312566],[-95.25641654859737,38.956586012016174],[-95.25641232001837,38.956585075620055],[-95.25641135989386,38.95658771691511],[-95.25640622613673,38.95658657885484],[-95.25640431269315,38.95658615506307],[-95.25639613712158,38.9565843430064],[-95.25639629734627,38.95658390249498],[-95.256396457536,38.956583462883955],[-95.25639532916489,38.956583212679746],[-95.2563951689402,38.95658365319115],[-95.25639468945421,38.956584973852245],[-95.25640399227876,38.95658703518547],[-95.25640292616454,38.95658996867232],[-95.25639711117863,38.95660596476166],[-95.25639598280712,38.95660571455739],[-95.25638667998035,38.95660365322353],[-95.25638655983796,38.95660398293177],[-95.25638599677052,38.956603858757305],[-95.2563862097984,38.95660315814082],[-95.25638634360617,38.95660244663743],[-95.25638639686579,38.95660172872196],[-95.2563863705558,38.95660100892352],[-95.25638626439658,38.95660029444547],[-95.25638607933152,38.95659959071729],[-95.25638581522098,38.956598901340676],[-95.25638547643294,38.956598232727465],[-95.25638506391094,38.95659759030741],[-95.25638458097472,38.956596977763894],[-95.25638403202728,38.95659640060844],[-95.2563834203535,38.95659586342496],[-95.25638275042628,38.956595369924116],[-95.25638202902489,38.95659492387123],[-95.2563812606573,38.95659452807673],[-95.25638045091456,38.95659418717891],[-95.25637960552775,38.95659390221466],[-95.25637922186766,38.95659379490265],[-95.25637872865518,38.956593684998246],[-95.25637584827727,38.956601608882565],[-95.25637528405669,38.956601484680746],[-95.25637540423403,38.95660115407211],[-95.25637427586273,38.95660090386771],[-95.25638315846766,38.95657647192506],[-95.2563833186924,38.95657603141372],[-95.25638219028646,38.95657578210978],[-95.25638203009666,38.95657622172074],[-95.25637314864463,38.956600653690536],[-95.256358490022,38.9565974057795],[-95.25635816960704,38.95659828590183],[-95.2563574646633,38.95659812953075],[-95.25634759765312,38.95659594309147],[-95.25634689270942,38.95659578672033],[-95.2563594556382,38.95656122921231],[-95.2563597371543,38.95656129174983],[-95.25637185974834,38.95656397856973],[-95.25637193984329,38.95656375876428],[-95.25637306709577,38.95656400804102],[-95.25637298696587,38.95656422874693],[-95.25637530210032,38.956564741352196],[-95.2563851095959,38.95656691466506],[-95.25638539111202,38.95656697720248],[-95.2563852308873,38.95656741771388],[-95.25638507069749,38.95656785732489],[-95.25638619906834,38.95656810752918],[-95.25638635929305,38.9565676670178],[-95.25638883912416,38.95656084396151],[-95.25638940330948,38.956560969063645],[-95.25639053052709,38.9565612192406],[-95.25639117139079,38.95655945809547],[-95.25639004302008,38.956559207891154],[-95.2563601604884,38.9565525860415],[-95.25635704094351,38.956561170269474],[-95.25635633600015,38.95656101389841],[-95.25634787891671,38.95655913930082],[-95.25634731473141,38.95655901419848],[-95.25633885761346,38.9565571405006],[-95.25633815267024,38.956556984129485],[-95.25635343574903,38.95651494324988],[-95.25639121573676,38.956523315603754],[-95.25640135967642,38.95652556356723],[-95.25640119945189,38.95652600407867],[-95.25640260937303,38.95652631591982],[-95.25640276956258,38.956525876308795],[-95.25642363078474,38.95653049935392],[-95.25642351064262,38.95653082906216],[-95.25642492052906,38.95653114180345],[-95.2564250407061,38.95653081119476],[-95.25642532222207,38.95653087373211],[-95.2564467665176,38.95647188424041],[-95.25644451089686,38.95647138476066],[-95.25644427057813,38.95647204507765],[-95.25644384830443,38.956471951271716],[-95.25644344776154,38.95647305210022],[-95.2564429545498,38.9564729421961],[-95.25644007418407,38.95648086608205],[-95.25643968937133,38.956480758742984],[-95.25643884513879,38.95648047380647],[-95.25643803539708,38.95648013290905],[-95.25643726703038,38.95647973711486],[-95.25643654447667,38.956479291035045],[-95.25643587570333,38.956478797561786],[-95.25643526403017,38.95647826037858],[-95.25643471508329,38.95647768322337],[-95.25643423214746,38.956477070680066],[-95.25643381962568,38.95647642826014],[-95.25643348083783,38.95647575964711],[-95.25643321672723,38.95647507027056],[-95.25643303166208,38.956474366542466],[-95.2564329255375,38.956473651164025],[-95.25643289919213,38.956472932266024],[-95.2564329524512,38.956472214350455],[-95.25643308625821,38.95647150284708],[-95.2564332992853,38.95647080223047],[-95.25643369979338,38.95646970230241],[-95.25643327636655,38.95646960846913],[-95.25643887806196,38.95645420033578],[-95.25644987227132,38.95645663694377],[-95.25644963195272,38.95645729726081],[-95.25645188753818,38.956457797640915],[-95.25645508834965,38.956448992731595],[-95.25645540760955,38.956448112581754],[-95.25645498533602,38.956448018775845],[-95.25645514556003,38.956447578264346],[-95.25645373564019,38.95644726642385],[-95.25645357545113,38.95644770603492],[-95.2564531531776,38.956447612229006],[-95.25645283272952,38.956448493252],[-95.25645027166084,38.956455536087994],[-95.25643927741667,38.95645310038042],[-95.25643959786491,38.956452219357494],[-95.25643734224478,38.956451719877556],[-95.25643462210344,38.95645920325194],[-95.25642531929482,38.95645714192115],[-95.25642627941704,38.956454500625924],[-95.25642723953919,38.956451859330734],[-95.2564069425595,38.95644736048789],[-95.25640774245791,38.95644515970427],[-95.25640548683823,38.95644466022376],[-95.25640516642457,38.95644554034622],[-95.25640432072441,38.95644535270673],[-95.25639823953709,38.95646208149955],[-95.25637653378979,38.95645727083751],[-95.25637941416167,38.956449346953086],[-95.25638229453297,38.95644142306856],[-95.25638261498185,38.956440542045826],[-95.2563800766937,38.95643998000002],[-95.2563538597514,38.9564341694711],[-95.25635418016566,38.956433289348794],[-95.25635375673916,38.956433195515224],[-95.2563538768814,38.956432865806995],[-95.25635467449733,38.95643301355639],[-95.25635548462378,38.956433106627244],[-95.25635630149493,38.95643314488312],[-95.2563571193448,38.95643312818751],[-95.2563579324425,38.95643305550369],[-95.25635873379895,38.95643292846858],[-95.2563595176134,38.95643274784626],[-95.25636027804998,38.95643251530099],[-95.2563610081547,38.95643223156949],[-95.25636170436314,38.95643189927109],[-95.25636235965136,38.95643152094319],[-95.25636297042003,38.956431100105554],[-95.2563635319516,38.956430639350216],[-95.25636403834031,38.95643014214227],[-95.25636448714006,38.956429612028806],[-95.25636487356337,38.956429053402616],[-95.25636519624736,38.956428471638766],[-95.25636531852084,38.956428205967754],[-95.25636545812763,38.95642782084434],[-95.25635643799386,38.95642582207273],[-95.25635655817099,38.956425491464124],[-95.2563569804443,38.95642558527041],[-95.25635770024925,38.956423604292574],[-95.25638899261041,38.9564305388847],[-95.25638955564153,38.956430663959544],[-95.2563898760554,38.95642978383713],[-95.25638931187105,38.95642965873501],[-95.25635802066341,38.956422724170274],[-95.25636482166145,38.95640401440167],[-95.25636369441155,38.95640376512483],[-95.2563638946834,38.95640321471069],[-95.25636669495977,38.95639551063204],[-95.25636689523161,38.95639496021794],[-95.25641115473053,38.95640476833525],[-95.256411074601,38.95640498904119],[-95.25640763346709,38.95641445426622],[-95.25640791617076,38.95641451593048],[-95.256404475036,38.9564239811554],[-95.25640419352042,38.956423918618],[-95.25640401652241,38.95642440469488],[-95.2564012330227,38.95643206320899],[-95.25640115292805,38.95643228301445],[-95.25640058874366,38.956432157912374],[-95.25640002455931,38.956432032810284],[-95.25639970526385,38.95643291386044],[-95.25640026833,38.956433038034824],[-95.25640900691538,38.95643497516599],[-95.25640828711173,38.95643695614413],[-95.25641054273117,38.9564374556246],[-95.25641190336185,38.95643371440152],[-95.25641641344745,38.95643471333508],[-95.25641697763189,38.956434838437055],[-95.25641681740767,38.95643527894852],[-95.25642132745843,38.95643627878224],[-95.25642148768264,38.95643583827079],[-95.25642154030959,38.9564358503308],[-95.25642205186709,38.956435963372755],[-95.25642656195299,38.956436962305894],[-95.25642640172877,38.95643740281733],[-95.25642781161335,38.956437715558614],[-95.25642825220358,38.956436504827366],[-95.25642853371922,38.956436567364705],[-95.25642973415972,38.95643326575249],[-95.25642945264408,38.9564332032152],[-95.25642989208109,38.95643199245671],[-95.2564304562655,38.95643211755864],[-95.25643101929678,38.956432242633284],[-95.25643133974502,38.95643136161033],[-95.25643077556059,38.956431236508436],[-95.25642570129065,38.95643011247348],[-95.25642714204994,38.956426150544324],[-95.25642746249825,38.95642526952141],[-95.25642689831389,38.956425144419455],[-95.2564269422401,38.95642502379382],[-95.25642695282853,38.956424988896664],[-95.25643179425253,38.956411652708994],[-95.2564318140315,38.95641161893058],[-95.25643185911089,38.95641149833222],[-95.2564324232951,38.956411623434136],[-95.25643290277922,38.95641030277287],[-95.25646052963839,38.9564164251244],[-95.25645684938023,38.956426549794834],[-95.25645092941019,38.95642523812191],[-95.25644740818612,38.95643492315367],[-95.25644205243495,38.95643373568178],[-95.2564414882156,38.95643361148027],[-95.25644116895556,38.95643449163012],[-95.25644173198683,38.9564346167047],[-95.25644707973571,38.95643580218482],[-95.25645667321336,38.95643792807023],[-95.25645635280036,38.95643880819287],[-95.25645677622705,38.956438902026],[-95.25645661603801,38.95643934163709],[-95.25645802592271,38.956439654378],[-95.25645818614667,38.956439213866496],[-95.2564586084202,38.956439307672404],[-95.25645892883318,38.95643842754981],[-95.25646733075178,38.95641531623448],[-95.25646704808301,38.956415253669995],[-95.25646720830692,38.95641481315846],[-95.25646904845249,38.956409750372885],[-95.25646920867639,38.956409309861414],[-95.2564679406682,38.95640902931693],[-95.25646778044435,38.95640946982847],[-95.25646594033357,38.956414531713584],[-95.25646578010972,38.95641497222511],[-95.25644534119223,38.95641044299346],[-95.25644526109771,38.95641066279901],[-95.25642214547914,38.95640553940445],[-95.25642222557367,38.956405319598915],[-95.25642152063179,38.956405163228254],[-95.25642168082095,38.95640472361719],[-95.25642232052928,38.95640296244449],[-95.25642248075339,38.95640252193304],[-95.2564212115924,38.956402241360834],[-95.25642105140324,38.95640268097184],[-95.25642041169482,38.956404442144525],[-95.25642025147069,38.956404882655974],[-95.25636076927623,38.956391699728314],[-95.25636012956647,38.95639346090067],[-95.25636548534816,38.95639464747592],[-95.25636228452798,38.9564034523828],[-95.25631887077081,38.956393830986514],[-95.25630822925758,38.956423105929446],[-95.25631612213954,38.95642485542745],[-95.25631292134678,38.95643365943253],[-95.25631066688132,38.9564331599774],[-95.25631002605166,38.95643492022177],[-95.2563122816354,38.9564354206046],[-95.25630908080674,38.95644422550993],[-95.25630118792276,38.956442476011446],[-95.25629054527663,38.95647175002494],[-95.25633367752704,38.9564813097946],[-95.25633047673392,38.95649011380013],[-95.25632540249627,38.956488988860386],[-95.25632476278473,38.95649075003251],[-95.25637381390794,38.95650162053889],[-95.25636845254911,38.956516367451755],[-95.25635182102677,38.956512681722906],[-95.25633397679344,38.95656176723644],[-95.25633623241634,38.95656226671835],[-95.25633767203017,38.95655830476306],[-95.25635656030379,38.956562490903146],[-95.25634271798414,38.956600569854885],[-95.25634497245512,38.956601069309336],[-95.25634601267738,38.956598208209364],[-95.25635728957536,38.95660070739094],[-95.25634544644588,38.956633283920915],[-95.25638294040174,38.956641592730314],[-95.25638517991585,38.95663542999099],[-95.25639645682116,38.95663792916876],[-95.256395817145,38.95663968944086],[-95.25639807273589,38.956640189822],[-95.25639871244694,38.95663842864947],[-95.25640998935319,38.95664092782591],[-95.25640774868788,38.95664709053839],[-95.25644524262339,38.95665540022805],[-95.2564574839477,38.95662172280481],[-95.2564687608534,38.95662422197553],[-95.25646732124554,38.95662818393242],[-95.2564695756834,38.956628684284894],[-95.25648341797518,38.95659060441769],[-95.25650230626606,38.956594790534005],[-95.25649654553733,38.95661063830867],[-95.2565591292704,38.956624508282445],[-95.25655976897731,38.956622747109044],[-95.2565546947265,38.95662162217937],[-95.25656005605448,38.956606875258],[-95.25660882577789,38.956617683127824],[-95.25660946544855,38.956615922854574],[-95.25660439119746,38.95661479792706],[-95.25660759199711,38.95660599301372],[-95.25665100592379,38.95661561430175],[-95.25666164844233,38.9565863402555],[-95.25665375438058,38.956584590753735],[-95.25665695513774,38.956575786739386],[-95.25665921076337,38.95657628621507],[-95.25665985046739,38.95657452504109],[-95.25665759599497,38.9565740255927],[-95.25666079563292,38.956565220650575],[-95.25666868969266,38.95656697015186],[-95.25667933107835,38.956537695176216],[-95.25663591716075,38.956528074799095],[-95.25663911795253,38.956519269884815],[-95.25664419223226,38.95652039391039],[-95.25664483305437,38.956518633664174],[-95.25659606227549,38.95650782488171],[-95.2566014235862,38.9564930779583],[-95.25660649786346,38.9564942019855],[-95.25660713868628,38.95649244173949],[-95.2565301780064,38.956475385538795],[-95.25653785895273,38.956454255170016],[-95.25658662856749,38.956465063049365],[-95.25658726942548,38.95646330190307],[-95.2565821951507,38.95646217787496],[-95.25658539475808,38.956453373835224],[-95.25662880862298,38.95646299423131],[-95.25663945116268,38.9564337192863],[-95.25663155711852,38.95643196978307],[-95.25663475787152,38.95642316576921],[-95.25663701349214,38.956423665245275],[-95.25663765316038,38.95642190497179],[-95.25663539869299,38.95642140552302],[-95.25663859948003,38.95641260060866],[-95.25664649236896,38.95641435008419],[-95.25665713374087,38.95638507511016],[-95.25661372110808,38.956375453851585],[-95.25661692070763,38.95636664981088],[-95.25662199497606,38.956367773837464],[-95.25662263583227,38.95636601269096],[-95.25657386628033,38.95635520482666],[-95.25657922643087,38.95634045787678],[-95.25659585907775,38.9563441436004],[-95.25661362294557,38.95629527875175],[-95.25661136732921,38.95629477927519],[-95.25660992658287,38.95629874120672],[-95.25659103951793,38.95629455513509],[-95.25660488164392,38.956256476152774],[-95.25660262721699,38.95625597580291],[-95.25660118647099,38.956259937734295],[-95.25658990961874,38.95625743857642],[-95.25660223205226,38.956223541358426],[-95.2565647382924,38.95621523261966],[-95.256562497654,38.95622139533534],[-95.2565512219275,38.95621889710135],[-95.25655186278414,38.9562171359552],[-95.25654960720564,38.95621663557704],[-95.25654896750213,38.95621839675047],[-95.25653769065835,38.95621589758748],[-95.2565399312987,38.95620973487225],[-95.25650243758842,38.95620142521292],[-95.25649011511089,38.95623532242033],[-95.25647883941967,38.9562328232789],[-95.2564802790188,38.95622886132173],[-95.25647802455869,38.95622836186987],[-95.25646418236985,38.956266440837176],[-95.25644529413401,38.95626225561487],[-95.25645113497512,38.95624618713636],[-95.25638827004836,38.95623225546688],[-95.25638762922244,38.95623401571171],[-95.25639270347777,38.956235139748316],[-95.25638734322635,38.95624988849049],[-95.25633857267225,38.9562390795995],[-95.25633793296328,38.95624084077177],[-95.25634300721822,38.956241964810545],[-95.25633980640217,38.95625076971687],[-95.25629667540979,38.956241210876996],[-95.25628603275712,38.95627048579098],[-95.25629392562148,38.95627223529051],[-95.25629072598603,38.95628103932239],[-95.25628847037241,38.9562805398395],[-95.25628783069682,38.956282300111106],[-95.25629008515726,38.95628279956665],[-95.25628688433277,38.95629160447145],[-95.25627899146636,38.956289854971445],[-95.25626834879905,38.9563191298837],[-95.25631148098832,38.95632868876133],[-95.2563082801644,38.95633749366671],[-95.25630320593802,38.956336368726035],[-95.25630256622733,38.95633812989807],[-95.25635133572604,38.95634893787642],[-95.25634597433914,38.956363685688835],[-95.25634090011033,38.956362560749824],[-95.25634026040034,38.956364321922074],[-95.25640735396662,38.95637919091428],[-95.25640799367514,38.95637742974168],[-95.25640376510867,38.95637649334523],[-95.25640840668159,38.95636372650828],[-95.25641996505975,38.956366288221176],[-95.25642008523646,38.95636595761248],[-95.25642064826718,38.95636608268718],[-95.25642043527529,38.95636678240335],[-95.25642030143338,38.95636749480714],[-95.25642024817427,38.956368212722715],[-95.25642027451947,38.9563689316207],[-95.25642038067868,38.95636964609877],[-95.25642056570852,38.95637035072728],[-95.25642082981854,38.95637104010389],[-95.25642116860583,38.95637170871696],[-95.25642158112682,38.95637235113694],[-95.25642206406185,38.95637296368032],[-95.25642261300781,38.95637354083557],[-95.25642322468,38.95637407801884],[-95.25642389460545,38.95637457151946],[-95.25642461600482,38.95637501757209],[-95.25642538440522,38.956375412465945],[-95.25642619411073,38.956375754263874],[-95.25642703949512,38.956376039227806],[-95.25642742315412,38.9563761465396],[-95.25642791640011,38.95637625554341],[-95.25643079676298,38.95636833165763],[-95.25643136094685,38.95636845675958],[-95.25643124077013,38.95636878736828],[-95.25643293220368,38.956369161746416],[-95.25642956847818,38.95637841701636],[-95.256428291788,38.95638192861161],[-95.25642716341996,38.9563816784077],[-95.25642652371194,38.95638343958044],[-95.25642793359539,38.95638375232171],[-95.2564277734063,38.95638419193275],[-95.25642713254504,38.95638595307816],[-95.25642697350919,38.95638639271648],[-95.25642824148181,38.9563866741618],[-95.25642840170583,38.95638623365033],[-95.25642904137888,38.956384473378044],[-95.25642920160296,38.95638403286659],[-95.25642990654468,38.95638418923716],[-95.2564351878211,38.95636966122642],[-95.25645830342893,38.956374784618404],[-95.25645366301752,38.956387551484674],[-95.256453023345,38.956389311757086],[-95.25647346106874,38.95639384186054],[-95.25647330087992,38.95639428147164],[-95.25647146073499,38.95639934425728],[-95.25647130051121,38.956399784768756],[-95.25647256967235,38.956400065340475],[-95.25647272986124,38.956399625729325],[-95.25647457000603,38.95639456294372],[-95.25647473022985,38.956394122432194],[-95.25647501174531,38.95639418496937],[-95.25647749271494,38.956387361938404],[-95.25647706928852,38.956387268105274],[-95.25647718946507,38.95638693749654],[-95.2564757795464,38.95638662565629],[-95.2564756594048,38.95638695536462],[-95.25647523713155,38.95638686155885],[-95.25647339698698,38.95639192434448],[-95.25646944996923,38.95639104958724],[-95.25647041008891,38.956388408291666],[-95.25646590004042,38.956387408459875],[-95.2564649398857,38.95639005065578],[-95.25645704585074,38.956388301140635],[-95.25646168741481,38.95637553430154],[-95.2564694429621,38.956377253502765],[-95.25647846078655,38.95637925221098],[-95.25647834064499,38.95637958191931],[-95.25647974937542,38.95637989463264],[-95.25647986955194,38.9563795640239],[-95.25648029297831,38.95637965785699],[-95.25648393318345,38.95636964308858],[-95.25648365166799,38.9563695805514],[-95.25648405105653,38.95636847969546],[-95.25648433372511,38.95636854225994],[-95.25648453399596,38.95636799184562],[-95.25648185495191,38.95636739853349],[-95.25648165583426,38.9563679489751],[-95.25648207810734,38.95636804278087],[-95.25648043959748,38.95637254977728],[-95.25648007058021,38.95637248156466],[-95.2564792604892,38.956372387594286],[-95.25647898051115,38.956372374660724],[-95.25648386902783,38.95635892513015],[-95.2564848554848,38.95635914403763],[-95.25648473646149,38.95635947467365],[-95.25648741435211,38.956360067958485],[-95.25648761462287,38.95635951754415],[-95.2564873319543,38.95635945497966],[-95.25648781259022,38.95635813434545],[-95.2564880941056,38.956358196882654],[-95.25648913431844,38.956355335781346],[-95.25648885280306,38.95635527324411],[-95.25648933228568,38.956353952582596],[-95.25648961495423,38.9563540151471],[-95.25648981407184,38.95635346470547],[-95.25648713618146,38.956352871420734],[-95.25648701603996,38.956353201129076],[-95.25648602958307,38.95635298222162],[-95.25649263138803,38.95633482378742],[-95.25649404015259,38.9563351356002],[-95.2564906402336,38.95634449095222],[-95.25649021680744,38.95634439711919],[-95.25649001657163,38.95634494663311],[-95.25649269557995,38.95634554084547],[-95.25649289469746,38.956344990403856],[-95.25649261318217,38.956344927866645],[-95.25649301372357,38.95634382703801],[-95.25649329523885,38.95634388957516],[-95.25649693544035,38.95633387480628],[-95.25647494705724,38.95632900159815],[-95.2564743828736,38.956328876496435],[-95.2564738198431,38.956328751422014],[-95.25647341930149,38.95632985225059],[-95.25647292605575,38.956329743247],[-95.25647004569922,38.95633766713383],[-95.25646966092216,38.95633755889446],[-95.25646881669121,38.95633727395812],[-95.25646800695101,38.9563369330609],[-95.25646723855073,38.95633653816733],[-95.25646651603324,38.9563360911873],[-95.25646584726104,38.9563355977142],[-95.2564652355889,38.9563350605311],[-95.2564646866429,38.95633448337611],[-95.2564642036728,38.95633387173328],[-95.25646379118662,38.95633322841306],[-95.2564634523991,38.95633255980008],[-95.2564631882538,38.95633187132405],[-95.2564630032237,38.956331166695584],[-95.25646289706407,38.95633045221753],[-95.25646287071844,38.95632973331952],[-95.25646292401208,38.956329014503574],[-95.2564630578185,38.956328303000134],[-95.2564632708099,38.95632760328386],[-95.25646367135164,38.95632650245529],[-95.25646310716802,38.956326377353506],[-95.2564585971236,38.956325377521374],[-95.2564227947588,38.95631744311451],[-95.25642215389804,38.956319204259906],[-95.25642173162534,38.95631911045389],[-95.25642133108298,38.956320211282296],[-95.25642083783738,38.95632010227851],[-95.25641795747538,38.95632802616404],[-95.25641757385164,38.95632791795174],[-95.2564167284678,38.956327632987765],[-95.25641591872797,38.9563272920902],[-95.25641515032812,38.95632689719628],[-95.25641442777611,38.95632645111631],[-95.25641375903935,38.956325956742546],[-95.25641314736767,38.95632541955917],[-95.2564125984221,38.95632484240387],[-95.25641211545259,38.95632423076085],[-95.25641170296687,38.95632358744048],[-95.25641136417991,38.95632291882732],[-95.25641110003521,38.956322230351134],[-95.25641091500565,38.9563215257226],[-95.25641080884654,38.956320811244524],[-95.25641078250145,38.956320092346516],[-95.25641083579555,38.95631937353057],[-95.25641096960253,38.956318662027144],[-95.25641118259438,38.956317962311005],[-95.25641158313687,38.95631686148263],[-95.25641115971098,38.9563167676493],[-95.25641676021104,38.956301360389894],[-95.25641718363686,38.956301454223215],[-95.25641758417913,38.95630035339483],[-95.25641716075336,38.9563002595615],[-95.25641740107173,38.956299599244495],[-95.25641514545661,38.956299099764145],[-95.25641242531883,38.95630658313813],[-95.25640298177336,38.95630449053681],[-95.25640394189435,38.956301849241775],[-95.25640490201526,38.95629920794671],[-95.25639052500374,38.95629602167663],[-95.25638996082047,38.95629589657448],[-95.25639012104455,38.95629545606306],[-95.25638560984997,38.95629445620084],[-95.25638545077905,38.956294896739536],[-95.2563848865958,38.95629477163733],[-95.25638312654172,38.956299614616135],[-95.25638296635256,38.95630005422714],[-95.25638282559503,38.956300022958416],[-95.25638554573571,38.95629253958516],[-95.25638329015601,38.95629203920375],[-95.25638296970781,38.95629292022655],[-95.2563567528198,38.956287109698216],[-95.25634575864,38.956284673081356],[-95.25634533636754,38.95628457927502],[-95.25634501591888,38.95628546029776],[-95.25634452270855,38.956285350393195],[-95.2563424422382,38.956291073493645],[-95.25634217050782,38.956290996768104],[-95.25634157239374,38.956290794258834],[-95.25634100013903,38.95629055000408],[-95.25634045706343,38.956290267687145],[-95.25633994659155,38.95628994829043],[-95.25633947557255,38.956289593778386],[-95.25633904386662,38.95628920775261],[-95.25633865709992,38.95628879395118],[-95.25633831754374,38.956288353329015],[-95.25633802844798,38.95628789137034],[-95.25633779089596,38.95628740990326],[-95.2563376070192,38.95628691348435],[-95.25633747894939,38.95628640667013],[-95.2563374077697,38.95628589128873],[-95.25633739211736,38.95628537271521],[-95.25633743415882,38.9562848546057],[-95.25633753256628,38.95628434143496],[-95.2563376860816,38.95628383587678],[-95.25633800653037,38.95628295485413],[-95.25633758310478,38.956282861020505],[-95.25633166314898,38.9562815493415],[-95.2563319835628,38.956280669219254],[-95.25633156013724,38.956280575385605],[-95.25633168031429,38.95628024477701],[-95.25633247789348,38.95628039342696],[-95.25633328801817,38.95628048649798],[-95.25633410488754,38.95628052475397],[-95.25633492273565,38.95628050805854],[-95.25633573583163,38.956280435374815],[-95.25633653718643,38.956280308339934],[-95.2563373209992,38.9562801277177],[-95.25633808146915,38.95627989427222],[-95.25633881272562,38.95627961056815],[-95.25633950777946,38.9562792782426],[-95.25634016418458,38.95627890084248],[-95.25634077383383,38.95627847907727],[-95.25634133536437,38.956278018322024],[-95.25634184175213,38.956277521114224],[-95.25634229051612,38.95627699190118],[-95.25634267693877,38.95627643327502],[-95.25634300081033,38.95627585063814],[-95.25634312189554,38.95627558584029],[-95.25634326265532,38.95627520074416],[-95.25633424138846,38.95627320194356],[-95.25633436156544,38.95627287133495],[-95.25633478383783,38.9562729651413],[-95.25633510425156,38.956272085019],[-95.25636794606382,38.95627936270035],[-95.25636836948944,38.956279456533856],[-95.25636868874966,38.95627857638417],[-95.2563682664772,38.956278482578],[-95.25633542470034,38.956271203996366],[-95.25634262619802,38.95625139430107],[-95.25634149783238,38.9562511440963],[-95.25634169810395,38.956250593682235],[-95.25634449834175,38.95624289050443],[-95.25634469861333,38.956242340090334],[-95.25638895801364,38.956252148216215],[-95.2563888778842,38.95625236892212],[-95.25638543678971,38.956261833246245],[-95.25638571945778,38.95626189581096],[-95.2563822783275,38.95627136103535],[-95.25638199681256,38.95627129849791],[-95.25638110521885,38.95627375035514],[-95.2563786358108,38.95628054301626],[-95.25637855571627,38.95628076282179],[-95.25637813344379,38.956280669015605],[-95.2563777099832,38.956280576082534],[-95.25637738956992,38.956281456204884],[-95.25637781299555,38.95628155003837],[-95.25638641199225,38.95628345502944],[-95.25638609154409,38.95628433605222],[-95.25638834600535,38.95628483550591],[-95.2563886664185,38.9562839553835],[-95.2563993790847,38.956286329458855],[-95.25640050629792,38.956286579635744],[-95.25640276191253,38.95628707911642],[-95.25640420957366,38.95628644827044],[-95.25640676952258,38.95627940450767],[-95.25640596272237,38.95627827420839],[-95.25639750448335,38.95627640048747],[-95.25639758461277,38.956276179781554],[-95.25639688079042,38.95627602433843],[-95.25639696091987,38.956275803632515],[-95.25639273124142,38.95627486630796],[-95.25639265226513,38.956275087041156],[-95.25639194732454,38.95627493067034],[-95.25640002883274,38.956252699482036],[-95.25638903465679,38.95625026286927],[-95.25638923377484,38.95624971242781],[-95.25639163465314,38.956243109204046],[-95.25639179487708,38.95624266869268],[-95.25639419575491,38.95623606546885],[-95.25639439487293,38.956235515027416],[-95.25644823969014,38.95624744792909],[-95.25642815493806,38.95630269617157],[-95.25642773266539,38.95630260236557],[-95.25642733212321,38.956303703194],[-95.25642775554905,38.9563037970273],[-95.2564267153345,38.95630665812808],[-95.25650085719377,38.95632308894428],[-95.25650149686444,38.956321328671564],[-95.25650121534919,38.95632126613441],[-95.25650133437235,38.95632093549832],[-95.25649992560804,38.95632062368569],[-95.2565000652488,38.956320237661664],[-95.25648991675774,38.95631798869724],[-95.25649005419669,38.95631768913852],[-95.25649041916262,38.956317029067264],[-95.25649085691853,38.956316396853815],[-95.25649136267688,38.95631579689104],[-95.25649193395664,38.956315233626405],[-95.2564925660053,38.95631471055226],[-95.25649325511864,38.956314233889564],[-95.25649399318948,38.956313804347666],[-95.25649477766689,38.95631342817479],[-95.25649560047859,38.9563131051799],[-95.25649645680207,38.95631284065628],[-95.2564973396835,38.95631263534053],[-95.25649824216872,38.95631248996934],[-95.25649915723382,38.95631240708018],[-95.2565000779598,38.95631238650936],[-95.25650099739265,38.95631242899357],[-95.25650190980137,38.95631253349592],[-95.25650280599548,38.9563126988977],[-95.25650421587785,38.95631301163806],[-95.25650433601919,38.95631268192965],[-95.25651307462755,38.956314618152604],[-95.25651299453332,38.95631483795817],[-95.25651694154735,38.95631571271396],[-95.25651702164156,38.956315492908345],[-95.25652576021558,38.95631743003077],[-95.25652564007433,38.95631775973917],[-95.25652704995692,38.956318072479235],[-95.25652717013313,38.956317741870436],[-95.25652745164837,38.956317804407504],[-95.25652809250651,38.95631604326151],[-95.25651850704558,38.95631391937377],[-95.25651866726888,38.95631347886218],[-95.25652106813727,38.95630687563581],[-95.25652118827853,38.95630654592739],[-95.25652456995543,38.95630729555412],[-95.25652795393873,38.95630804523531],[-95.25653203472105,38.95629681973368],[-95.25653219494424,38.956296379222124],[-95.25653275797455,38.95629650429628],[-95.25653403853696,38.95629298197693],[-95.2565334743185,38.95629285777589],[-95.25653363454167,38.956292417264265],[-95.25653025171222,38.95629166761057],[-95.25653029175928,38.956291557707786],[-95.25653649323478,38.95629293191371],[-95.2565371340924,38.956291170767635],[-95.25653600572548,38.9562909205648],[-95.25654344748608,38.956270450539876],[-95.2565465681487,38.95626186633394],[-95.25654668828977,38.9562615366255],[-95.25654555992328,38.95626128642276],[-95.25654570068188,38.95626090132635],[-95.25653837084258,38.95625927691811],[-95.25653846910788,38.956259064752196],[-95.2565387284694,38.95625859774733],[-95.25653904129638,38.95625815093321],[-95.25653940287121,38.95625772690189],[-95.25653981308916,38.956257328354624],[-95.25654026600955,38.95625695965688],[-95.25654076037435,38.95625662348261],[-95.25654129034783,38.95625632149619],[-95.25654185467182,38.9562560563714],[-95.25654244632261,38.95625583064586],[-95.25654306295877,38.956255645165356],[-95.2565436987446,38.95625550159417],[-95.25654434899741,38.95625540162402],[-95.25654500795135,38.95625534511842],[-95.25654567207702,38.95625533379637],[-95.2565463356434,38.95625536662094],[-95.25654699288474,38.95625544345584],[-95.25654764037631,38.95625556331862],[-95.25654876874276,38.95625581352138],[-95.25654888891876,38.95625548291257],[-95.25655056883137,38.95625086063727],[-95.2565516960446,38.956251110812694],[-95.25655181622058,38.95625078020387],[-95.25655223964627,38.95625087403668],[-95.25655205041865,38.956251496810246],[-95.25655193006718,38.95625212932455],[-95.2565518810729,38.95625276713221],[-95.25655190361067,38.95625340573123],[-95.25655199554873,38.95625404056509],[-95.25655215825006,38.95625466625862],[-95.25655238958294,38.956255278255355],[-95.256552688569,38.95625587202603],[-95.25655305195833,38.95625644208637],[-95.25655347754949,38.95625698568062],[-95.25655396090441,38.95625749819764],[-95.25655450107969,38.95625797420778],[-95.25655509119119,38.95625841264697],[-95.25655572798905,38.95625880803089],[-95.25655640577722,38.956259158422355],[-95.25655712123601,38.956259460137964],[-95.25655786748128,38.95625971211353],[-95.25655820658524,38.956259807556],[-95.25655869979572,38.95625991745964],[-95.2565612597283,38.956252873693444],[-95.25656168315396,38.95625296752625],[-95.25656156301304,38.95625329723469],[-95.25656269022629,38.95625354741001],[-95.25655336944322,38.9562791901533],[-95.25655324926727,38.95627952076214],[-95.25655437651587,38.95627977003715],[-95.25655449665692,38.95627944032871],[-95.25656381859271,38.95625379761264],[-95.25658918982197,38.956259419555664],[-95.25658950907935,38.95625853940542],[-95.25659021517338,38.95625869580232],[-95.25660008099089,38.956260882193796],[-95.25660078593175,38.95626103856335],[-95.25658822432742,38.956295596125656],[-95.25658794165903,38.95629553356146],[-95.25657582025596,38.956292846791335],[-95.25657574012706,38.95629306749735],[-95.25656361757171,38.95629038069869],[-95.25656369766575,38.95629016089304],[-95.25656055745768,38.95628946474589],[-95.25655185893284,38.95628753668471],[-95.25655157626453,38.9562874741204],[-95.25655169640561,38.95628714441195],[-95.25655181658163,38.956286813803125],[-95.25655068821467,38.95628656360042],[-95.25655056803865,38.95628689420927],[-95.25654812827983,38.95629360736635],[-95.25654699991281,38.95629335716362],[-95.25654636020853,38.956295118337],[-95.25654748742245,38.95629536851245],[-95.25654444685252,38.95630373291276],[-95.2565441264412,38.95630461303561],[-95.25654348673679,38.956306374209],[-95.25654429469269,38.95630750453458],[-95.25655331596982,38.95630950331885],[-95.2565547635952,38.95630887337139],[-95.25655716334185,38.95630226921656],[-95.25655744601023,38.9563023317809],[-95.25655764624533,38.95630178226685],[-95.25655792779551,38.956301843903475],[-95.2565591282277,38.95629854228986],[-95.25655884555933,38.95629847972558],[-95.25655904582939,38.956297929311106],[-95.25658751831956,38.95630424017117],[-95.25659063897834,38.95629565596409],[-95.25659134395448,38.956295811433314],[-95.25659980101292,38.9562976860132],[-95.25660036519658,38.956297811114304],[-95.25660882229039,38.95629968479316],[-95.25660952607855,38.95629984113541],[-95.25659424431669,38.956341882977114],[-95.25652404943071,38.956326326976146],[-95.25652416960692,38.95632599636737],[-95.2565227597242,38.95632568362729],[-95.25652263954797,38.95632601423607],[-95.25652235803268,38.956325951699],[-95.25650091384446,38.956384941205386],[-95.25650316942796,38.956385441584445],[-95.2565034097808,38.95638478036689],[-95.256503832054,38.9563848741726],[-95.25650423256052,38.9563837742443],[-95.25650472580666,38.95638388324781],[-95.25650760616125,38.95637595936013],[-95.2565079898203,38.9563760666717],[-95.25650883520511,38.956376351635015],[-95.256509644911,38.956376693432304],[-95.2565104133119,38.956377088325624],[-95.25651113471187,38.95637753437771],[-95.25651180463794,38.95637802787782],[-95.25651241631081,38.95637856506066],[-95.25651296525758,38.9563791422155],[-95.2565134481934,38.95637975475849],[-95.25651386071534,38.95638039717811],[-95.25651419950354,38.95638106579096],[-95.25651446361452,38.95638175516727],[-95.25651464864525,38.95638245979565],[-95.25651475480552,38.956383174273654],[-95.2565147811517,38.956383893171655],[-95.25651472789353,38.9563846110872],[-95.25651459293432,38.95638532256345],[-95.25651438106152,38.95638602320746],[-95.25651398055516,38.95638712313582],[-95.25651440398161,38.95638721696878],[-95.25651160120559,38.95639492639881],[-95.25650880234286,38.956402624205474],[-95.25650823927681,38.95640250003158],[-95.25650783877028,38.956403599959934],[-95.25650840295457,38.95640372506147],[-95.25650808250741,38.95640460608462],[-95.25651033697336,38.95640510553589],[-95.25651041706766,38.956404885730265],[-95.25651154543635,38.95640513593341],[-95.25650882415151,38.956412619282276],[-95.25649444711216,38.95640943302508],[-95.25649740759822,38.95640128843173],[-95.25649797178252,38.95640141353334],[-95.25649837232415,38.956400312704666],[-95.25649780810491,38.95640018850344],[-95.25649804842291,38.956399528186346],[-95.256495792839,38.95639902780713],[-95.25648042974046,38.95644128941181],[-95.25650890231628,38.95644759939071],[-95.25651082255413,38.95644231679891],[-95.25651617946026,38.956443504294924],[-95.25651674249175,38.95644362936917],[-95.25651714303335,38.95644252854043],[-95.25651657884868,38.956442403438864],[-95.25651094154509,38.95644115433345],[-95.25651350148898,38.95643411056846],[-95.2565136617126,38.95643367005689],[-95.25651253446169,38.95643342078147],[-95.25651237427302,38.956433860392664],[-95.25650981317587,38.95644090413039],[-95.25650957285784,38.956441564447495],[-95.2564971698821,38.95643881603247],[-95.2564954888083,38.95644343827963],[-95.25648308471449,38.9564406889354],[-95.25649092704806,38.95641911808544],[-95.25649459139885,38.956419930277505],[-95.25649475162254,38.95641948976594],[-95.25649489353353,38.956419521061804],[-95.25649493934623,38.95641953025687],[-95.25650527554077,38.956421820612114],[-95.25650531212801,38.95642182958886],[-95.25650546431281,38.956421863831494],[-95.25650530408917,38.95642230434306],[-95.25650564511585,38.956422380004284],[-95.25651573411135,38.95642461584325],[-95.25651557504094,38.95642505638211],[-95.25651541485232,38.956425495993265],[-95.2565165420682,38.95642574616904],[-95.25651670229178,38.956425305657476],[-95.25651718177437,38.956423984995865],[-95.25650703326782,38.956421736032915],[-95.25650771172845,38.9564198685313],[-95.25650967330574,38.95641447246239],[-95.25651305729401,38.95641522214403],[-95.25651644012925,38.95641597179824],[-95.25651787972994,38.95641200984067],[-95.25651803991857,38.956411570229484],[-95.2565186041379,38.95641169443059],[-95.25651988466815,38.956408173011816],[-95.25651932048378,38.95640804791033],[-95.25651948070727,38.95640760739873],[-95.25652044082531,38.95640496610276],[-95.25654073780008,38.95640946492572],[-95.25653993790615,38.956411665710256],[-95.25654219352573,38.956412165188205],[-95.25654251393757,38.956411285065386],[-95.25654335848446,38.95641147267652],[-95.25654943963312,38.956394743876054],[-95.25657114652616,38.95639955453308],[-95.25656506538222,38.95641628333471],[-95.25659382062442,38.956422655857025],[-95.25659350021319,38.95642353598003],[-95.25659392248681,38.956423629785384],[-95.25659380346391,38.95642396042156],[-95.25659300588254,38.9564238117734],[-95.25659219575586,38.95642371870422],[-95.25659137888469,38.95642368045001],[-95.256590561035,38.95642369714726],[-95.2565897479377,38.956423769832746],[-95.25658894658172,38.956423896869424],[-95.25658816276795,38.95642407749334],[-95.25658740229724,38.956424310940456],[-95.25658667104037,38.95642459464611],[-95.25658597598627,38.95642492697317],[-95.25658531958103,38.956425304374605],[-95.25658470881375,38.95642572521342],[-95.2565841484019,38.95642618689751],[-95.25658364201472,38.95642668410638],[-95.2565831932516,38.956427213320325],[-95.25658280683001,38.956427771947276],[-95.25658248295971,38.95642835458485],[-95.25658236187516,38.95642861938293],[-95.25658222111643,38.95642900447937],[-95.25659124241017,38.956431003260654],[-95.25659112223408,38.95643133386951],[-95.25659069996041,38.9564312400641],[-95.2565899801619,38.956433221043376],[-95.2565586877799,38.95642628650551],[-95.2565581235953,38.95642616140416],[-95.25655780433678,38.95642704155434],[-95.25655836736819,38.95642716662838],[-95.25658965975059,38.956434101166295],[-95.25658285765599,38.956452810920794],[-95.25658398602566,38.95645306112318],[-95.2565837857554,38.95645361153768],[-95.25658098553531,38.95646131472111],[-95.256580785265,38.9564618651356],[-95.25653652570675,38.956452057083105],[-95.256536605836,38.95645183637708],[-95.25654004691948,38.956442372048635],[-95.25653976425053,38.956442309484316],[-95.25654320536806,38.95643284425537],[-95.2565434868838,38.95643290679245],[-95.25654366388089,38.956432420715345],[-95.25654644733022,38.95642476309823],[-95.25654652745942,38.956424542392234],[-95.25654709164392,38.9564246674936],[-95.25654765467533,38.95642479256769],[-95.25654797508714,38.956423912444855],[-95.25654741090263,38.95642378734348],[-95.2565386723148,38.95642185022272],[-95.25653939211463,38.956419869243824],[-95.25653713764805,38.95641936979309],[-95.25653641784815,38.956421350772025],[-95.2565352894791,38.95642110056916],[-95.25653456967915,38.95642308154804],[-95.25653428701027,38.95642301898371],[-95.25653308772799,38.95642632062428],[-95.2565333692437,38.956426383161364],[-95.25653264944361,38.95642836414027],[-95.25653377781272,38.95642861434314],[-95.2565307347893,38.95643698229002],[-95.25652785572784,38.95644490260388],[-95.25652729154314,38.95644477750241],[-95.2565268910017,38.9564458783312],[-95.25652745518641,38.95644600343266],[-95.25652545485539,38.95645150583037],[-95.25653644906733,38.95645394243015],[-95.25653624879669,38.95645449284452],[-95.25653268868888,38.956464287808934],[-95.25653252846531,38.95646472832051],[-95.25652896835648,38.9564745232848],[-95.2565287681206,38.95647507279877],[-95.25647492311647,38.9564631399347],[-95.25647266864891,38.95646264048274],[-95.256472348236,38.956463520605354],[-95.25646906733142,38.956472545320665],[-95.2564849950259,38.95647607559013],[-95.25648487603736,38.95647640532577],[-95.25648628476975,38.95647671803905],[-95.25648614516356,38.956477103162605],[-95.2564962936774,38.956479352127324],[-95.25649615623809,38.95647965168604],[-95.25649579127139,38.95648031175734],[-95.25649535351455,38.95648094397077],[-95.256494847755,38.95648154393355],[-95.25649427647396,38.956482107198234],[-95.25649364442383,38.95648263027237],[-95.25649295527384,38.95648310783546],[-95.25649221723617,38.95648353647693],[-95.25649143272194,38.956483913550194],[-95.25649060994324,38.956484235644645],[-95.25648975361761,38.956484500168216],[-95.2564888706991,38.95648470638433],[-95.2564879682466,38.95648485085499],[-95.25648705317923,38.95648493374407],[-95.25648613245099,38.956484954314796],[-95.25648521298098,38.95648491273084],[-95.25648430057007,38.95648480822843],[-95.25648340440873,38.95648464192605],[-95.25648199452303,38.95648432918553],[-95.25648187434635,38.95648465979423],[-95.2564814520725,38.95648456598847],[-95.25648041185747,38.956487427089684],[-95.25647872042089,38.956487052712234],[-95.25647760011115,38.956490133618985],[-95.25647929151285,38.95649050889683],[-95.25647841148665,38.9564929303869],[-95.25646290606254,38.956489493922405],[-95.25645074374007,38.956522950613326],[-95.25645440924899,38.956523762833925],[-95.25645452939087,38.95652343312559],[-95.25645495166489,38.9565235269315],[-95.2564553522079,38.95652242610294],[-95.25645584545494,38.956522535106636],[-95.25645840537231,38.95651549224331],[-95.25645874451232,38.95651558678568],[-95.25645949072506,38.95651583966227],[-95.25646020618598,38.95651614137843],[-95.25646088397619,38.95651649177048],[-95.2564615207758,38.95651688715488],[-95.25646211204206,38.9565173256218],[-95.2564626510655,38.95651780160513],[-95.25646313557478,38.95651831414978],[-95.25646356004859,38.95651885681664],[-95.25646392340362,38.95651942777767],[-95.25646422239006,38.95652002154854],[-95.25646445372304,38.95652063354542],[-95.25646461642414,38.9565212592391],[-95.25646470951501,38.95652189410028],[-95.25646473089886,38.956522532672025],[-95.25646467571835,38.95652318114792],[-95.25646451196478,38.95652362337841],[-95.25646459321163,38.9565236415229],[-95.25646456270411,38.95652380302113],[-95.25646437232184,38.956524425767235],[-95.2564639729671,38.95652552572268],[-95.2564643963943,38.956525619555855],[-95.25646427621746,38.95652595016454],[-95.25649810462036,38.95653344671653],[-95.2564982247621,38.956533117008114],[-95.25649864703627,38.956533210813895],[-95.25649904757861,38.95653210998521],[-95.2564995408258,38.95653221898868],[-95.25650210192731,38.956525175251265],[-95.25650244103248,38.95652527069389],[-95.25650318612718,38.95652552264256],[-95.2565039015535,38.956525825258844],[-95.25650458049718,38.956526175677894],[-95.25650521729717,38.956526571062135],[-95.2565058074455,38.956527008601135],[-95.2565063464344,38.956527485484585],[-95.25650683097899,38.956527997128674],[-95.25650725657141,38.95652854072311],[-95.25650761992684,38.95652911168395],[-95.25650791776053,38.956529705427414],[-95.25650814909393,38.956530317424246],[-95.25650831179544,38.95653094311787],[-95.25650840492165,38.95653157707862],[-95.25650842627095,38.956532216550734],[-95.25650837727615,38.95653285435834],[-95.25650825807699,38.95653348689988],[-95.25650806888315,38.95653410877296],[-95.25650766834092,38.95653520960167],[-95.25650809176827,38.95653530343466],[-95.25650797162655,38.956535633143034],[-95.2565248857968,38.95653938231429],[-95.25652552550382,38.95653762114106],[-95.25652594893118,38.956537714973976],[-95.25652634831994,38.95653661411791],[-95.25652684268547,38.956536724048945],[-95.2565297230787,38.956528799260454],[-95.25653010670372,38.95652890747235],[-95.25653095209036,38.95652919243549],[-95.25653176183309,38.95652953333225],[-95.25653253020083,38.956529929125814],[-95.25653325160248,38.95653037517776],[-95.25653392153015,38.95653086867772],[-95.25653453205135,38.95653140583315],[-95.25653508215268,38.95653198301514],[-95.25653556397151,38.95653259463039],[-95.25653597761274,38.95653323797757],[-95.25653631640188,38.95653390659033],[-95.25653657939543,38.956534595038946],[-95.25653676558004,38.956535299694565],[-95.25653687174066,38.956536014172556],[-95.25653689805223,38.95653673397088],[-95.25653684364096,38.95653745185914],[-95.25653670983483,38.95653816336272],[-95.25653649799675,38.95653886310641],[-95.25653609745494,38.95653996393521],[-95.25653651972915,38.9565400577408],[-95.25653091920141,38.956555465906],[-95.25653049692708,38.95655537210045],[-95.25653009642002,38.9565564720288],[-95.25653051984753,38.956556565861746],[-95.25653027952927,38.956557226178894],[-95.25653253396533,38.956557726530136],[-95.25653525413502,38.956550242253115],[-95.25654469883543,38.95655233577131],[-95.25654373871632,38.956554977067434],[-95.25654277859715,38.9565576183636],[-95.25655715566874,38.95656080461475],[-95.25655771985441,38.95656092971607],[-95.25655755966568,38.956561369327325],[-95.25656206972656,38.95656236915554],[-95.25656222995015,38.9565619286439],[-95.25656279413585,38.956562053745195],[-95.25656375425436,38.956559412448904],[-95.25656389501249,38.956559443717374],[-95.256562134999,38.956564285798386],[-95.2565643894355,38.956564786148974],[-95.25656470988267,38.956563905125705],[-95.25659092689041,38.95656971560688],[-95.25660192227622,38.95657215222774],[-95.25660234455066,38.9565722460331],[-95.2566026649625,38.95657136591012],[-95.25660315821013,38.95657147491315],[-95.25660523866766,38.956565751808164],[-95.25660551039935,38.95656582853313],[-95.2566061085165,38.95656603104101],[-95.25660668077437,38.9565662752945],[-95.25660722385315,38.956566557610145],[-95.25660773314013,38.956566877878764],[-95.25660820535042,38.9565672315166],[-95.25660863705951,38.95656761754134],[-95.25660902379443,38.9565680322423],[-95.25660936223537,38.95656847193601],[-95.25660965248721,38.95656893392127],[-95.25660989004209,38.95656941538773],[-95.25661007276825,38.956569911778956],[-95.25661020195884,38.95657041952051],[-95.25661027317568,38.956570934001356],[-95.25661028883013,38.95657145257486],[-95.25661024679046,38.956571970684394],[-95.25661014834967,38.956572484755796],[-95.25660999487059,38.9565729894139],[-95.25660967442394,38.9565738704373],[-95.25661009669841,38.95657396424266],[-95.25661601783703,38.9565752759347],[-95.2566156974254,38.95657615605772],[-95.25661611969996,38.95657624986304],[-95.25661599952373,38.956576580471925],[-95.2566152030588,38.9565764327516],[-95.25661439296532,38.95657633878217],[-95.25661357609236,38.956576300528155],[-95.25661275705279,38.95657631809864],[-95.25661194514187,38.956576389911156],[-95.2566111437842,38.95657651694799],[-95.2566103599688,38.95657669757203],[-95.25660959949654,38.95657693101931],[-95.25660886823816,38.95657721472508],[-95.25660817202943,38.956577547024985],[-95.25660751677613,38.95657792445389],[-95.2566069059727,38.95657834619317],[-95.25660634559475,38.956578806976964],[-95.25660583920663,38.95657930418596],[-95.2566053904427,38.956579833399935],[-95.25660500286729,38.95658039199968],[-95.25660468014965,38.95658097466461],[-95.25660455791176,38.956581239435444],[-95.256604418306,38.95658162455917],[-95.25661343958488,38.95658362423911],[-95.25661331944359,38.9565839539476],[-95.25661289716899,38.95658386014225],[-95.25661257672235,38.95658474116565],[-95.256579734778,38.956577462653414],[-95.25657931135032,38.95657736882067],[-95.25657899093821,38.956578248943565],[-95.25657941436589,38.95657834277631],[-95.25661225631062,38.95658562128868],[-95.25660505485442,38.95660543100015],[-95.25660618322662,38.95660568120231],[-95.25660598295607,38.956606231616846],[-95.25660318269742,38.95661393570116],[-95.25660298242684,38.956614486115676],[-95.25655872280493,38.95660467717131],[-95.2565588029343,38.9566044564653],[-95.25656216277466,38.95659521191466],[-95.2565618812583,38.95659514937767],[-95.25656532234537,38.956585685048594],[-95.25656560386172,38.956585747585606],[-95.25656657558221,38.956583075020994],[-95.25656904498277,38.956576282356025],[-95.25656912507712,38.95657606255039],[-95.25656954735156,38.95657615635586],[-95.25656997077921,38.95657625018866]]],[[[-95.25640602581183,38.95629779168169],[-95.25640378512212,38.956303955294665],[-95.25641224221147,38.95630582898781],[-95.25641448286561,38.95629966627508],[-95.25641464308953,38.95629922576364],[-95.25640618603586,38.95629735117026],[-95.25640602581183,38.95629779168169]]],[[[-95.25653319774594,38.95655715914545],[-95.25653303752216,38.956557599657046],[-95.25654149461037,38.956559474241146],[-95.2565416548341,38.95655903372955],[-95.25654389548498,38.9565528710144],[-95.25653543724431,38.95655099640321],[-95.25653319774594,38.95655715914545]]],[[[-95.25652736579565,38.95631552588728],[-95.25652792997927,38.95631565098875],[-95.25653033084689,38.95630904776217],[-95.2565297666633,38.95630892266069],[-95.25652187378898,38.956307173177244],[-95.25651947292063,38.956313776403604],[-95.25652736579565,38.95631552588728]]],[[[-95.25642822257988,38.956450411796844],[-95.25642598188726,38.95645657541018],[-95.25643443899544,38.95645844910172],[-95.25643667965251,38.9564522863886],[-95.25643683987664,38.956451845877105],[-95.25642838276917,38.95644997218577],[-95.25642822257988,38.956450411796844]]],[[[-95.25650933236999,38.956418765931424],[-95.25650828181325,38.95642165562731],[-95.25651617469997,38.95642340511171],[-95.2565167388845,38.95642353021323],[-95.25651913860362,38.95641692695963],[-95.2565185755724,38.956416801885425],[-95.25651068153311,38.956415052373885],[-95.25650933236999,38.956418765931424]]],[[[-95.25639599148104,38.956545779840745],[-95.25639583125644,38.95654622035215],[-95.2564042883746,38.95654809404587],[-95.2564044485642,38.95654765443484],[-95.25640668810843,38.95654149079466],[-95.25639823099104,38.956539617101186],[-95.25639599148104,38.956545779840745]]],[[[-95.25640316201365,38.95656640727677],[-95.25640312374892,38.956566411778645],[-95.25640308768574,38.95656641903624],[-95.2564030514128,38.956566431696274],[-95.25640301852955,38.95656644623895],[-95.25640298893106,38.95656646536544],[-95.25640295318226,38.95656649425983],[-95.256402925366,38.95656652694691],[-95.2564029054472,38.95656656432688],[-95.25640145563277,38.956570551275796],[-95.25640144832913,38.95657059075677],[-95.25640144909768,38.95657063042875],[-95.25640145601669,38.95657066033282],[-95.25640146761828,38.95657068854526],[-95.25640149162525,38.95657072426105],[-95.25640151374527,38.9565707491175],[-95.25640153946465,38.956570770454206],[-95.25640157888246,38.95657079571999],[-95.25640162434574,38.956570813919036],[-95.2564016608631,38.95657082469659],[-95.2564033454172,38.956571198011034],[-95.25640339598249,38.9565712037137],[-95.25640344682738,38.956571202213176],[-95.25640348512705,38.95657119681093],[-95.25640352126015,38.956571187752466],[-95.25640355637988,38.95657117506517],[-95.2564035870267,38.95657115866713],[-95.2564036261302,38.95657113255577],[-95.25640365737112,38.956571100850994],[-95.25640368183277,38.956571065380935],[-95.25640369560118,38.95657103776884],[-95.25640514048817,38.95656705881433],[-95.25640514779187,38.95656701933336],[-95.25640514779197,38.95656698959301],[-95.2564051419913,38.9565669606166],[-95.25640513273099,38.95656693155837],[-95.25640511763493,38.95656690416445],[-95.25640509009844,38.95656687016763],[-95.25640505662133,38.956566840536304],[-95.25640501605037,38.95656681524323],[-95.25640497177525,38.956566796171096],[-95.25640493637604,38.95656678632121],[-95.25640325066894,38.95656641297951],[-95.25640320010365,38.95656640727689],[-95.25640316201365,38.95656640727677]]],[[[-95.25645754107883,38.9564176801055],[-95.25645750277924,38.956417685507766],[-95.25645746664617,38.956417694566184],[-95.25645742093826,38.95641771241031],[-95.25645737959837,38.956417736666324],[-95.25645735338966,38.956417757675496],[-95.25645732938246,38.95641778144044],[-95.25645730607408,38.9564178169378],[-95.2564572923057,38.956417844549925],[-95.25645584742465,38.956421823505096],[-95.25645583900281,38.9564218620584],[-95.2564558408897,38.9564219026581],[-95.2564558478436,38.95642193166176],[-95.25645585944517,38.95642195987423],[-95.25645588229895,38.956421995562664],[-95.25645590441896,38.956422020419105],[-95.25645593125651,38.95642204268353],[-95.25645597070921,38.95642206704886],[-95.25645601617241,38.956422085247894],[-95.25645605153655,38.95642209599814],[-95.25645772466035,38.956422466337756],[-95.25645776250563,38.95642247264058],[-95.25645781317571,38.95642247564205],[-95.25645786300706,38.95642247051264],[-95.25645790025837,38.95642246238188],[-95.25645793534304,38.95642245059496],[-95.25645796937941,38.95642243607959],[-95.2564579989428,38.95642241785342],[-95.25645803357331,38.95642238803131],[-95.25645806254272,38.95642235537157],[-95.2564580824265,38.95642231889196],[-95.25645953226962,38.956418331041895],[-95.2564595396082,38.95641829066053],[-95.25645953960829,38.956418260920174],[-95.25645953380759,38.9564182319438],[-95.2564595245473,38.95641820288553],[-95.25645950829801,38.95641817546432],[-95.25645948191479,38.9564181414948],[-95.25645944843772,38.956418111863485],[-95.25645941918893,38.95641809224572],[-95.25645938634085,38.95641807614767],[-95.25645933846643,38.95641806059524],[-95.25645764245385,38.95641768520799],[-95.25645759188868,38.95641767950533],[-95.25645754107883,38.9564176801055]]],[[[-95.25648678321483,38.95643940208664],[-95.25648674491521,38.956439407488936],[-95.25648670874725,38.95643941744774],[-95.25648666307421,38.95643943439145],[-95.25648662173433,38.95643945864753],[-95.25648659552562,38.95643947965668],[-95.2564865715184,38.95643950342161],[-95.25648654821005,38.956439538918985],[-95.25648653444166,38.9564395665311],[-95.25648605628632,38.956440882717914],[-95.25648605055525,38.956440911421424],[-95.25648604936701,38.95644094203491],[-95.25648605474835,38.95644098181605],[-95.25648606946005,38.95644101911427],[-95.25648609231386,38.95644105480275],[-95.25648612222656,38.95644108705334],[-95.25648616038626,38.95644111499298],[-95.25648620228509,38.95644113581133],[-95.25648624897141,38.95644115223686],[-95.25649134497883,38.95644228128955],[-95.25649138282412,38.95644228759238],[-95.25649143349416,38.95644229059383],[-95.25649148332559,38.956442285464405],[-95.25649152057683,38.956442277333636],[-95.25649155562657,38.956442266447105],[-95.2564915896979,38.95644225103126],[-95.2564916192613,38.956442232805145],[-95.25649164665818,38.95644221092288],[-95.25649166951222,38.956442187130676],[-95.2564916889766,38.95644216145577],[-95.25649170274498,38.95644213384366],[-95.25649218470926,38.95644080873471],[-95.25649219201284,38.95644076925373],[-95.25649219009101,38.95644072955447],[-95.25649218317203,38.956440699650415],[-95.25649217157046,38.956440671437925],[-95.25649214871663,38.9564406357495],[-95.25649211765071,38.95644060347158],[-95.25649208060929,38.956440576459656],[-95.25649203874535,38.95644055474092],[-95.25649199087096,38.956440539188534],[-95.25648688458986,38.95643940718905],[-95.25648683402466,38.956439401486456],[-95.25648678321483,38.95643940208664]]],[[[-95.2564535721793,38.9564180827639],[-95.25645340098433,38.95641809223128],[-95.25645323517085,38.95641811173944],[-95.25645307480877,38.956418139487646],[-95.25645292220443,38.95641817553038],[-95.25645277851095,38.95641821989501],[-95.25645264488158,38.95641827260875],[-95.25645252135125,38.95641833277125],[-95.25645240907313,38.95641840040985],[-95.25645231042348,38.95641847377824],[-95.25645222421414,38.956418553749536],[-95.25645215278654,38.95641863947796],[-95.25645209505728,38.95641872913545],[-95.25645205329776,38.9564188236769],[-95.25645202527157,38.956418921247014],[-95.2564520132851,38.956419021900345],[-95.25645201740817,38.95641912383608],[-95.25645203648764,38.95641922702695],[-95.2564520717117,38.95641933059985],[-95.25645212080877,38.95641943359979],[-95.25645218612033,38.956419535181],[-95.25645226418682,38.95641963526155],[-95.2564523562312,38.95641973206797],[-95.2564524622535,38.95641982560025],[-95.25645257882921,38.95641991487616],[-95.25645270829963,38.95641999904986],[-95.25645284724011,38.956420077139065],[-95.25645299446255,38.95642015001695],[-95.25645315118999,38.95642021590993],[-95.25645331396295,38.95642027473618],[-95.25645348281631,38.95642032559534],[-95.25645365544376,38.95642036843278],[-95.25645383188031,38.956420402348115],[-95.25645400978449,38.95642042818718],[-95.25645418800327,38.956420445922646],[-95.25645436545327,38.956420453726516],[-95.2564545397932,38.956420452444576],[-95.25645471098811,38.956420442977176],[-95.25645487680158,38.956420423468984],[-95.25645503716372,38.95642039572085],[-95.25645518976806,38.956420359678084],[-95.25645533346153,38.95642031531343],[-95.2564554670909,38.95642026259969],[-95.25645559062123,38.95642020243715],[-95.25645570174619,38.956420134771335],[-95.25645580154902,38.95642006143023],[-95.25645588660512,38.95641998143158],[-95.25645595918596,38.95641989573045],[-95.25645601691521,38.95641980607301],[-95.2564560586747,38.95641971153151],[-95.25645608670087,38.95641961396145],[-95.25645609753417,38.956419513280814],[-95.25645609456424,38.956419411372345],[-95.25645607548476,38.956419308181495],[-95.25645604026074,38.956419204608586],[-95.25645599116362,38.956419101608624],[-95.25645592585208,38.95641900002747],[-95.25645584778563,38.956418899946875],[-95.25645575574124,38.95641880314045],[-95.25645564971892,38.956418709608165],[-95.25645553199,38.95641862030497],[-95.25645540367279,38.956418536158566],[-95.25645526473231,38.956418458069344],[-95.2564551163567,38.95641838516423],[-95.25645496078243,38.95641831929854],[-95.25645479800947,38.95641826047224],[-95.25645462915612,38.95641820961314],[-95.25645445652862,38.9564181667757],[-95.25645428009214,38.95641813286038],[-95.25645410218796,38.95641810702129],[-95.25645392396919,38.9564180892858],[-95.25645374651921,38.956418081481935],[-95.2564535721793,38.9564180827639]]],[[[-95.25649034103279,38.956436416708726],[-95.25649020887123,38.956436431605916],[-95.2564900762553,38.956436458208245],[-95.25648994430337,38.95643649744338],[-95.25648981423834,38.95643654753786],[-95.25648968602542,38.9564366093921],[-95.25648956204073,38.95643668125982],[-95.25648944228438,38.956436763141],[-95.25648932906263,38.95643685509028],[-95.25648922013913,38.956436955252265],[-95.2564891201265,38.956437063736104],[-95.25648902675341,38.95643717958686],[-95.2564889423611,38.95643730195867],[-95.25648886817268,38.95643742907805],[-95.25648880188184,38.956437560890386],[-95.25648874701791,38.95643769567681],[-95.25648870358096,38.95643783343731],[-95.25648867048768,38.956437972343764],[-95.25648864892618,38.95643811152313],[-95.25648863781325,38.95643824914723],[-95.25648863942025,38.95643838617113],[-95.25648865154562,38.95643851983901],[-95.25648867653078,38.9564386493051],[-95.25648871206926,38.95643877451477],[-95.25648875826602,38.956438892766876],[-95.25648881508593,38.95643900496175],[-95.25648888256416,38.956439110199106],[-95.25648895961726,38.95643920665075],[-95.25648904628022,38.95643929341637],[-95.25648914021183,38.95643937134176],[-95.25648924266997,38.956439437752984],[-95.2564893524316,38.956439494423584],[-95.25648946729524,38.9564395385978],[-95.2564895883442,38.95643957210369],[-95.25648971334196,38.9564395930859],[-95.25648984225353,38.95643960244485],[-95.25648997280761,38.95643959922552],[-95.25649010496917,38.95643958432832],[-95.25649023758511,38.956439557726],[-95.25649036953705,38.95643951849085],[-95.25649049960208,38.95643946839636],[-95.25649062778007,38.95643940744256],[-95.2564907517997,38.95643933467447],[-95.25649087155605,38.95643925279327],[-95.25649098593097,38.95643916087128],[-95.2564910937013,38.95643906068199],[-95.2564911937139,38.95643895219813],[-95.25649128708703,38.95643883634738],[-95.25649137144438,38.956438714875965],[-95.25649144678596,38.95643858778388],[-95.25649151192363,38.956438455944244],[-95.25649156682249,38.95643832025741],[-95.25649161022451,38.95643818339732],[-95.25649164447098,38.95643804451817],[-95.25649166603245,38.9564379053388],[-95.25649167602715,38.956437766786976],[-95.25649167438519,38.956437630663515],[-95.25649166225979,38.95643749699558],[-95.25649163730961,38.956437366629125],[-95.25649160173619,38.95643724231986],[-95.25649155557436,38.95643712316737],[-95.25649149875437,38.95643701097246],[-95.25649143127622,38.95643690573516],[-95.25649135418816,38.95643681018386],[-95.25649126756008,38.95643672251788],[-95.25649117359359,38.95643664549289],[-95.2564910711704,38.95643657818127],[-95.25649096137381,38.95643652241106],[-95.25649084654512,38.95643647733649],[-95.25649072549618,38.956436443830555],[-95.25649060049842,38.95643642284833],[-95.25649047274001,38.95643641351669],[-95.25649034103279,38.956436416708726]]],[[[-95.25640644815638,38.95656842897506],[-95.25640627692609,38.95656843934273],[-95.25640611114721,38.95656845795048],[-95.25640595078477,38.95656848569855],[-95.25640579814512,38.956568522641646],[-95.2564056544513,38.95656856700623],[-95.25640552082163,38.95656861971992],[-95.25640539729098,38.95656867988239],[-95.2564052862007,38.95656874664778],[-95.25640518636267,38.95656882088925],[-95.2564051001531,38.95656890086052],[-95.25640502876024,38.95656898568852],[-95.25640497099585,38.95656907624636],[-95.2564049292362,38.9565691707878],[-95.25640490120986,38.956569268357924],[-95.25640489041145,38.95656936813811],[-95.25640489338126,38.95656947004655],[-95.2564049124607,38.95656957323744],[-95.25640494768477,38.95656967681034],[-95.25640499678188,38.95656977981033],[-95.25640506205855,38.956569882291944],[-95.25640514016007,38.95656998147213],[-95.25640523220454,38.95657007827862],[-95.2564053382271,38.956570171810924],[-95.25640545480299,38.95657026108688],[-95.25640558427362,38.95657034526063],[-95.25640572317934,38.95657042425029],[-95.25640587040203,38.956570497128205],[-95.25640602712981,38.95657056302128],[-95.25640618993805,38.95657062094721],[-95.25640635879174,38.95657067180639],[-95.25640653141951,38.9565707146439],[-95.25640670782147,38.9565707494597],[-95.25640688572601,38.956570775298864],[-95.25640706398005,38.956570792134045],[-95.25640724139551,38.956570800838335],[-95.25640741573582,38.95657079955645],[-95.25640758696603,38.95657078918876],[-95.25640775274493,38.95657077058104],[-95.25640791310744,38.95657074283295],[-95.25640806571214,38.95657070679026],[-95.25640820944088,38.95657066152528],[-95.25640834303563,38.95657060971197],[-95.25640846656624,38.95657054954951],[-95.25640857884467,38.956570481910994],[-95.25640867752954,38.956570407642246],[-95.25640876373903,38.956570327670974],[-95.25640883513195,38.956570242842936],[-95.25640889289636,38.95657015228513],[-95.25640893462105,38.956570058644076],[-95.25640896264733,38.95656996107393],[-95.2564089746339,38.95656986042066],[-95.25640897051086,38.9565697584849],[-95.25640895143141,38.95656965529403],[-95.25640891620739,38.95656955172115],[-95.25640886711022,38.95656944872117],[-95.2564088017986,38.95656934713992],[-95.25640872373208,38.956569247059356],[-95.25640863168753,38.95656915025287],[-95.25640852566507,38.956569056720554],[-95.25640840908912,38.95656896744458],[-95.25640827961853,38.95656888327086],[-95.25640814071275,38.956568804281204],[-95.2564079934551,38.95656873230366],[-95.25640783672738,38.95656866641065],[-95.25640767395412,38.95656860758429],[-95.25640750510037,38.95656855672512],[-95.25640733247259,38.956568513887596],[-95.25640715607071,38.95656847907181],[-95.25640697816615,38.95656845323264],[-95.25640679991207,38.956568436397475],[-95.25640662246171,38.956568428593535],[-95.25640644815638,38.95656842897506]]],[[[-95.25647130051121,38.956399784768756],[-95.2564594606102,38.95639716052377],[-95.25645932100403,38.956397545647306],[-95.2564711609051,38.956400169892376],[-95.25647130051121,38.956399784768756]]],[[[-95.25651541485232,38.956425495993265],[-95.25650526634567,38.95642324703021],[-95.25650512558647,38.956423632126544],[-95.25651527405829,38.956425881990015],[-95.25651541485232,38.956425495993265]]],[[[-95.25654765467533,38.95642479256769],[-95.25654477432332,38.9564327164563],[-95.25654526753493,38.95643282635999],[-95.25654814907502,38.956424901598254],[-95.25654765467533,38.95642479256769]]],[[[-95.25643101929678,38.956432242633284],[-95.25642813893133,38.956440166518945],[-95.25642863217782,38.956440275522766],[-95.25643151369633,38.956432351664304],[-95.25643101929678,38.956432242633284]]],[[[-95.25640660606224,38.956585711856526],[-95.25640674566907,38.956585326733006],[-95.25639659717788,38.95658307686009],[-95.256396457536,38.956583462883955],[-95.25640660606224,38.956585711856526]]],[[[-95.25645661603801,38.95643934163709],[-95.2564464675312,38.956437092668914],[-95.25644632792488,38.95643747779246],[-95.25645647639674,38.956439727661056],[-95.25645661603801,38.95643934163709]]],[[[-95.25638507069749,38.95656785732489],[-95.25637492217454,38.95656560835042],[-95.25637478256753,38.9565659934739],[-95.25638493105562,38.956568243348705],[-95.25638507069749,38.95656785732489]]],[[[-95.25642135235195,38.95640185626459],[-95.25641120388663,38.9563996063929],[-95.25641106312699,38.9563999914891],[-95.2564212115924,38.956402241360834],[-95.25642135235195,38.95640185626459]]],[[[-95.25642697350919,38.95638639271648],[-95.25641682501092,38.9563841437457],[-95.25641668425132,38.9563845288419],[-95.25642683274964,38.956386777812746],[-95.25642697350919,38.95638639271648]]],[[[-95.25651994789405,38.95655422306703],[-95.25651706753365,38.95656214695489],[-95.25651756074612,38.95656225685868],[-95.25652044110653,38.956554332970825],[-95.25651994789405,38.95655422306703]]],[[[-95.25640119945189,38.95652600407867],[-95.2563910509344,38.956523755105636],[-95.2563909113276,38.95652414022909],[-95.25640105984509,38.95652638920213],[-95.25640119945189,38.95652600407867]]],[[[-95.25640290492753,38.95642410892526],[-95.25640241168124,38.95642399992139],[-95.25639953131294,38.95643192380641],[-95.25640002455931,38.956432032810284],[-95.25640290492753,38.95642410892526]]],[[[-95.25653017189767,38.95643685361426],[-95.25652967865103,38.95643674461091],[-95.2565267982965,38.95644466849905],[-95.25652729154314,38.95644477750241],[-95.25653017189767,38.95643685361426]]],[[[-95.25643061302523,38.95629467847977],[-95.2564301197798,38.956294569476],[-95.2564272394199,38.95630249336181],[-95.25642773266539,38.95630260236557],[-95.25643061302523,38.95629467847977]]],[[[-95.25653431810028,38.95632824532878],[-95.2565344577059,38.95632786020513],[-95.25652430921261,38.956325611243734],[-95.25652416960692,38.95632599636737],[-95.25653431810028,38.95632824532878]]],[[[-95.25651103953739,38.956394795949464],[-95.25651054632608,38.95639468604561],[-95.25650774491224,38.956402390100465],[-95.25650823927681,38.95640250003158],[-95.25651103953739,38.956394795949464]]],[[[-95.25656083666826,38.956288813459935],[-95.25656097746182,38.95628842746314],[-95.25655195618708,38.956286428679476],[-95.25655181658163,38.956286813803125],[-95.25656083666826,38.956288813459935]]],[[[-95.25647834064499,38.95637958191931],[-95.25646931939595,38.956377582228825],[-95.25646917975487,38.95637796825281],[-95.25647819988573,38.956379967015614],[-95.25647834064499,38.95637958191931]]],[[[-95.25638027108772,38.95627353234762],[-95.25637977787747,38.956273422443296],[-95.25637721677292,38.95628046617815],[-95.2563777099832,38.956280576082534],[-95.25638027108772,38.95627353234762]]],[[[-95.25656997077921,38.95657625018866],[-95.25656740971756,38.95658329302711],[-95.25656790293029,38.95658340293073],[-95.25657046402681,38.95657635919179],[-95.25656997077921,38.95657625018866]]],[[[-95.25648681461895,38.95635291878633],[-95.25648977510349,38.956344774193106],[-95.2564893528305,38.95634468038737],[-95.25648639119274,38.95635282495325],[-95.25648681461895,38.95635291878633]]],[[[-95.25648153338933,38.95636744589905],[-95.25648449384015,38.95635930220641],[-95.25648407156706,38.95635920840061],[-95.2564811111162,38.95636735209327],[-95.25648153338933,38.95636744589905]]]]},"properties":{"SDE.FloorAll.FLOORLOCATION":"1"}},{"type":"Feature","geometry":{"type":"Polygon","coordinates":[[[-95.25640998935319,38.95664092782591],[-95.25640774868788,38.95664709053839],[-95.25644524262339,38.95665540022805],[-95.2564574839477,38.95662172280481],[-95.2564687608534,38.95662422197553],[-95.25646732124554,38.95662818393242],[-95.2564695756834,38.956628684284894],[-95.25648341797518,38.95659060441769],[-95.25650230626606,38.956594790534005],[-95.25649654553733,38.95661063830867],[-95.2565591292704,38.956624508282445],[-95.25655976897731,38.956622747109044],[-95.2565546947265,38.95662162217937],[-95.25656005605448,38.956606875258],[-95.25660882577789,38.956617683127824],[-95.25660946544855,38.956615922854574],[-95.25660439119746,38.95661479792706],[-95.25660759199711,38.95660599301372],[-95.25665100592379,38.95661561430175],[-95.25666164844233,38.9565863402555],[-95.25665375438058,38.956584590753735],[-95.25665695513774,38.956575786739386],[-95.25665921076337,38.95657628621507],[-95.25665985046739,38.95657452504109],[-95.25665759599497,38.9565740255927],[-95.25666079563292,38.956565220650575],[-95.25666868969266,38.95656697015186],[-95.25667933107835,38.956537695176216],[-95.25663591719568,38.9565280738987],[-95.25663911795253,38.956519269884815],[-95.25664419223226,38.95652039391039],[-95.25664483305437,38.956518633664174],[-95.25659606227549,38.95650782488171],[-95.2566014235862,38.9564930779583],[-95.25660649786346,38.9564942019855],[-95.25660713868628,38.95649244173949],[-95.2565301780064,38.956475385538795],[-95.25653785895273,38.956454255170016],[-95.25658662856749,38.956465063049365],[-95.25658726942548,38.95646330190307],[-95.2565821951507,38.95646217787496],[-95.25658539475808,38.956453373835224],[-95.25662880862298,38.95646299423131],[-95.25663945116268,38.9564337192863],[-95.25663155711852,38.95643196978307],[-95.25663475787152,38.95642316576921],[-95.25663701349214,38.956423665245275],[-95.25663765316038,38.95642190497179],[-95.25663539869299,38.95642140552302],[-95.25663859948003,38.95641260060866],[-95.25664649236896,38.95641435008419],[-95.25665713374087,38.95638507511016],[-95.25661372110808,38.956375453851585],[-95.25661692070763,38.95636664981088],[-95.25662199497606,38.956367773837464],[-95.25662263583227,38.95636601269096],[-95.25657386628033,38.95635520482666],[-95.25657922643087,38.95634045787678],[-95.25659585907775,38.9563441436004],[-95.25661362294557,38.95629527875175],[-95.25661136732921,38.95629477927519],[-95.25660992658287,38.95629874120672],[-95.25659103951793,38.95629455513509],[-95.25660488164392,38.956256476152774],[-95.25660262721699,38.95625597580291],[-95.25660118647099,38.956259937734295],[-95.25658990961874,38.95625743857642],[-95.25660223205226,38.956223541358426],[-95.2565647382924,38.95621523261966],[-95.256562497654,38.95622139533534],[-95.2565512219275,38.95621889710135],[-95.25655186278414,38.9562171359552],[-95.25654960720564,38.95621663557704],[-95.25654896750213,38.95621839675047],[-95.25653769065835,38.95621589758748],[-95.2565399312987,38.95620973487225],[-95.25650243758842,38.95620142521292],[-95.25649011511089,38.95623532242033],[-95.25647883941967,38.9562328232789],[-95.2564802790188,38.95622886132173],[-95.25647802455869,38.95622836186987],[-95.25646418236985,38.956266440837176],[-95.25644529413401,38.95626225561487],[-95.25645113497512,38.95624618713636],[-95.25638827004836,38.95623225546688],[-95.25638762922244,38.95623401571171],[-95.25639270347777,38.956235139748316],[-95.25638734322635,38.95624988849049],[-95.25633857267225,38.9562390795995],[-95.25633793296328,38.95624084077177],[-95.25634300721822,38.956241964810545],[-95.25633980640217,38.95625076971687],[-95.25629667540979,38.956241210876996],[-95.25628603275712,38.95627048579098],[-95.25629392562148,38.95627223529051],[-95.25629072598603,38.95628103932239],[-95.25628847037241,38.9562805398395],[-95.25628783069682,38.956282300111106],[-95.25629008515726,38.95628279956665],[-95.25628688433277,38.95629160447145],[-95.25627899146636,38.956289854971445],[-95.25626834879905,38.9563191298837],[-95.25631148098832,38.95632868876133],[-95.2563082801644,38.95633749366671],[-95.25630320593802,38.956336368726035],[-95.25630256622733,38.95633812989807],[-95.25635133572604,38.95634893787642],[-95.25634597433914,38.956363685688835],[-95.25634090011033,38.956362560749824],[-95.25634026040034,38.956364321922074],[-95.25641750246388,38.9563814398859],[-95.25640982148948,38.956402570246844],[-95.25636076927623,38.956391699728314],[-95.25636012956647,38.95639346090067],[-95.25636548534816,38.95639464747592],[-95.25636228452798,38.9564034523828],[-95.25631887077081,38.956393830986514],[-95.25630822925758,38.956423105929446],[-95.25631612213954,38.95642485542745],[-95.25631292134678,38.95643365943253],[-95.25631066688132,38.9564331599774],[-95.25631002605166,38.95643492022177],[-95.2563122816354,38.9564354206046],[-95.25630908080674,38.95644422550993],[-95.25630118792276,38.956442476011446],[-95.25629054527663,38.95647175002494],[-95.25633367752704,38.9564813097946],[-95.25633047673392,38.95649011380013],[-95.25632540249627,38.956488988860386],[-95.25632476278473,38.95649075003251],[-95.25637381390794,38.95650162053889],[-95.25636845254911,38.956516367451755],[-95.25635182102677,38.956512681722906],[-95.25633397679344,38.95656176723644],[-95.25633623241634,38.95656226671835],[-95.25633767203017,38.95655830476306],[-95.25635656030379,38.956562490903146],[-95.25634271798414,38.956600569854885],[-95.25634497245512,38.956601069309336],[-95.25634641206928,38.95659710735394],[-95.2563576901203,38.95659960656277],[-95.25634544644588,38.956633283920915],[-95.25638294040174,38.956641592730314],[-95.25638517991585,38.95663542999099],[-95.25639645682116,38.95663792916876],[-95.256395817145,38.95663968944086],[-95.25639807273589,38.956640189822],[-95.25639871244694,38.95663842864947],[-95.25640998935319,38.95664092782591]]]},"properties":{"SDE.FloorAll.FLOORLOCATION":"2"}},{"type":"Feature","geometry":{"type":"Polygon","coordinates":[[[-95.25640998935319,38.95664092782591],[-95.25640774868788,38.95664709053839],[-95.25644524262339,38.95665540022805],[-95.25645748510087,38.95662172283209],[-95.2564687608534,38.95662422197553],[-95.25646732124554,38.95662818393242],[-95.2564695756834,38.956628684284894],[-95.25648341912834,38.95659060444497],[-95.25650230626606,38.956594790534005],[-95.25649654553733,38.95661063830867],[-95.2565591292704,38.956624508282445],[-95.25655976897731,38.956622747109044],[-95.2565546947265,38.95662162217937],[-95.25656005605448,38.956606875258],[-95.25660882577789,38.956617683127824],[-95.25660946544855,38.956615922854574],[-95.25660439119746,38.95661479792706],[-95.25660759196217,38.9566059939141],[-95.25665100592379,38.95661561430175],[-95.25666164844233,38.9565863402555],[-95.25665375438058,38.956584590753735],[-95.25665695517267,38.956575785838986],[-95.25665921076337,38.95657628621507],[-95.25665985046739,38.95657452504109],[-95.25665759599497,38.9565740255927],[-95.25666079563292,38.956565220650575],[-95.25666868969266,38.95656697015186],[-95.25667933107835,38.956537695176216],[-95.25663591719568,38.9565280738987],[-95.25663911795253,38.956519269884815],[-95.25664419223226,38.95652039391039],[-95.25664483305437,38.956518633664174],[-95.25659606227549,38.95650782488171],[-95.2566014235862,38.9564930779583],[-95.25660649786346,38.9564942019855],[-95.25660713868628,38.95649244173949],[-95.2565301780064,38.956475385538795],[-95.25653785895273,38.956454255170016],[-95.25658662856749,38.956465063049365],[-95.25658726942548,38.95646330190307],[-95.2565821951507,38.95646217787496],[-95.25658539479302,38.956453372934845],[-95.25662880862298,38.95646299423131],[-95.25663945116268,38.9564337192863],[-95.25663155708358,38.95643197068343],[-95.25663475787152,38.95642316576921],[-95.25663701349214,38.956423665245275],[-95.25663765316038,38.95642190497179],[-95.25663539872792,38.95642140462263],[-95.25663859948003,38.95641260060866],[-95.25664649236896,38.95641435008419],[-95.25665713374087,38.95638507511016],[-95.25661372110808,38.956375453851585],[-95.25661692074257,38.95636664891047],[-95.25662199497606,38.956367773837464],[-95.25662263583227,38.95636601269096],[-95.25657386628033,38.95635520482666],[-95.25657922646583,38.95634045697639],[-95.25659585907775,38.9563441436004],[-95.25661362294557,38.95629527875175],[-95.25661136732921,38.95629477927519],[-95.25660992658287,38.95629874120672],[-95.25659103951793,38.95629455513509],[-95.25660488164392,38.956256476152774],[-95.25660262721699,38.95625597580291],[-95.25660118647099,38.956259937734295],[-95.25658990961874,38.95625743857642],[-95.25660223205226,38.956223541358426],[-95.2565647382924,38.95621523261966],[-95.25656249880717,38.95622139536262],[-95.2565512219275,38.95621889710135],[-95.25655186278414,38.9562171359552],[-95.25654960720564,38.95621663557704],[-95.25654896750213,38.95621839675047],[-95.25653769065835,38.95621589758748],[-95.2565399312987,38.95620973487225],[-95.25650243758842,38.95620142521292],[-95.25649011511089,38.95623532242033],[-95.25647883941967,38.9562328232789],[-95.2564802790188,38.95622886132173],[-95.25647802455869,38.95622836186987],[-95.25646418121664,38.95626644080987],[-95.25644529413401,38.95626225561487],[-95.25645113497512,38.95624618713636],[-95.25638827004836,38.95623225546688],[-95.25638762922244,38.95623401571171],[-95.25639270344281,38.9562351406487],[-95.25638734326131,38.956249887590104],[-95.25633857267225,38.9562390795995],[-95.25633793296328,38.95624084077177],[-95.25634300721822,38.956241964810545],[-95.25633980640217,38.95625076971687],[-95.25629667540979,38.956241210876996],[-95.25628603275712,38.95627048579098],[-95.25629392565642,38.956272234390084],[-95.25629072598603,38.95628103932239],[-95.25628847037241,38.9562805398395],[-95.25628783069682,38.956282300111106],[-95.25629008512232,38.95628280046702],[-95.25628688433277,38.95629160447145],[-95.25627899146636,38.956289854971445],[-95.25626834879905,38.9563191298837],[-95.25631148098832,38.95632868876133],[-95.2563082801644,38.95633749366671],[-95.25630320593802,38.956336368726035],[-95.25630256622733,38.95633812989807],[-95.25635133572604,38.95634893787642],[-95.25634597433914,38.956363685688835],[-95.25634090011033,38.956362560749824],[-95.25634026040034,38.956364321922074],[-95.25641750246388,38.9563814398859],[-95.25640982145453,38.956402571147215],[-95.25636076927623,38.956391699728314],[-95.25636012956647,38.95639346090067],[-95.25636548534816,38.95639464747592],[-95.25636228452798,38.9564034523828],[-95.25631887077081,38.956393830986514],[-95.25630822925758,38.956423105929446],[-95.25631612213954,38.95642485542745],[-95.25631292134678,38.95643365943253],[-95.25631066688132,38.9564331599774],[-95.25631002605166,38.95643492022177],[-95.2563122816354,38.9564354206046],[-95.2563090808417,38.95644422460954],[-95.25630118792276,38.956442476011446],[-95.25629054527663,38.95647175002494],[-95.256333677562,38.95648130889418],[-95.25633047673392,38.95649011380013],[-95.25632540249627,38.956488988860386],[-95.25632476278473,38.95649075003251],[-95.25637381390794,38.95650162053889],[-95.25636845251415,38.956516368352155],[-95.25635182102677,38.956512681722906],[-95.25633397679344,38.95656176723644],[-95.25633623241634,38.95656226671835],[-95.25633767203017,38.95655830476306],[-95.25635656030379,38.956562490903146],[-95.25634271798414,38.956600569854885],[-95.25634497245512,38.956601069309336],[-95.25634641322249,38.95659710738123],[-95.25635768896714,38.956599606535484],[-95.25634544644588,38.956633283920915],[-95.25638294040174,38.956641592730314],[-95.25638518106904,38.95663543001828],[-95.25639645797438,38.95663792919604],[-95.256395817145,38.95663968944086],[-95.25639807273589,38.956640189822],[-95.25639871244694,38.95663842864947],[-95.25640998935319,38.95664092782591]]]},"properties":{"SDE.FloorAll.FLOORLOCATION":"3"}},{"type":"Feature","geometry":{"type":"Polygon","coordinates":[[[-95.25640998935319,38.95664092782591],[-95.25640774868788,38.95664709053839],[-95.25644524262339,38.95665540022805],[-95.25645748510087,38.95662172283209],[-95.2564687608534,38.95662422197553],[-95.25646732124554,38.95662818393242],[-95.2564695756834,38.956628684284894],[-95.25648341912834,38.95659060444497],[-95.25650230626606,38.956594790534005],[-95.25649654553733,38.95661063830867],[-95.2565591292704,38.956624508282445],[-95.25655976897731,38.956622747109044],[-95.2565546947265,38.95662162217937],[-95.25656005605448,38.956606875258],[-95.25660882577789,38.956617683127824],[-95.25660946544855,38.956615922854574],[-95.25660439119746,38.95661479792706],[-95.25660759196217,38.9566059939141],[-95.25665100592379,38.95661561430175],[-95.25666164844233,38.9565863402555],[-95.25665375438058,38.956584590753735],[-95.25665695517267,38.956575785838986],[-95.25665921076337,38.95657628621507],[-95.25665985046739,38.95657452504109],[-95.25665759599497,38.9565740255927],[-95.25666079563292,38.956565220650575],[-95.25666868969266,38.95656697015186],[-95.25667933107835,38.956537695176216],[-95.25663591719568,38.9565280738987],[-95.25663911795253,38.956519269884815],[-95.25664419223226,38.95652039391039],[-95.25664483305437,38.956518633664174],[-95.25659606227549,38.95650782488171],[-95.2566014235862,38.9564930779583],[-95.25660649786346,38.9564942019855],[-95.25660713868628,38.95649244173949],[-95.2565301780064,38.956475385538795],[-95.25653785895273,38.956454255170016],[-95.25658662856749,38.956465063049365],[-95.25658726942548,38.95646330190307],[-95.2565821951507,38.95646217787496],[-95.25658539479302,38.956453372934845],[-95.25662880862298,38.95646299423131],[-95.25663945116268,38.9564337192863],[-95.25663155708358,38.95643197068343],[-95.25663475787152,38.95642316576921],[-95.25663701349214,38.956423665245275],[-95.25663765316038,38.95642190497179],[-95.25663539872792,38.95642140462263],[-95.25663859948003,38.95641260060866],[-95.25664649236896,38.95641435008419],[-95.25665713374087,38.95638507511016],[-95.25661372110808,38.956375453851585],[-95.25661692074257,38.95636664891047],[-95.25662199497606,38.956367773837464],[-95.25662263583227,38.95636601269096],[-95.25657386628033,38.95635520482666],[-95.25657922646583,38.95634045697639],[-95.25659585907775,38.9563441436004],[-95.25661362294557,38.95629527875175],[-95.25661136732921,38.95629477927519],[-95.25660992658287,38.95629874120672],[-95.25659103951793,38.95629455513509],[-95.25660488164392,38.956256476152774],[-95.25660262721699,38.95625597580291],[-95.25660118647099,38.956259937734295],[-95.25658990961874,38.95625743857642],[-95.25660223205226,38.956223541358426],[-95.2565647382924,38.95621523261966],[-95.25656249880717,38.95622139536262],[-95.2565512219275,38.95621889710135],[-95.25655186278414,38.9562171359552],[-95.25654960720564,38.95621663557704],[-95.25654896750213,38.95621839675047],[-95.25653769065835,38.95621589758748],[-95.2565399312987,38.95620973487225],[-95.25650243758842,38.95620142521292],[-95.25649011511089,38.95623532242033],[-95.25647883941967,38.9562328232789],[-95.2564802790188,38.95622886132173],[-95.25647802455869,38.95622836186987],[-95.25646418121664,38.95626644080987],[-95.25644529413401,38.95626225561487],[-95.25645113497512,38.95624618713636],[-95.25638827004836,38.95623225546688],[-95.25638762922244,38.95623401571171],[-95.25639270344281,38.9562351406487],[-95.25638734326131,38.956249887590104],[-95.25633857267225,38.9562390795995],[-95.25633793296328,38.95624084077177],[-95.25634300721822,38.956241964810545],[-95.25633980640217,38.95625076971687],[-95.25629667540979,38.956241210876996],[-95.25628603275712,38.95627048579098],[-95.25629392565642,38.956272234390084],[-95.25629072598603,38.95628103932239],[-95.25628847037241,38.9562805398395],[-95.25628783069682,38.956282300111106],[-95.25629008512232,38.95628280046702],[-95.25628688433277,38.95629160447145],[-95.25627899146636,38.956289854971445],[-95.25626834879905,38.9563191298837],[-95.25631148098832,38.95632868876133],[-95.2563082801644,38.95633749366671],[-95.25630320593802,38.956336368726035],[-95.25630256622733,38.95633812989807],[-95.25635133572604,38.95634893787642],[-95.25634597433914,38.956363685688835],[-95.25634090011033,38.956362560749824],[-95.25634026040034,38.956364321922074],[-95.25641750246388,38.9563814398859],[-95.25640982145453,38.956402571147215],[-95.25636076927623,38.956391699728314],[-95.25636012956647,38.95639346090067],[-95.25636548534816,38.95639464747592],[-95.25636228452798,38.9564034523828],[-95.25631887077081,38.956393830986514],[-95.25630822925758,38.956423105929446],[-95.25631612213954,38.95642485542745],[-95.25631292134678,38.95643365943253],[-95.25631066688132,38.9564331599774],[-95.25631002605166,38.95643492022177],[-95.2563122816354,38.9564354206046],[-95.2563090808417,38.95644422460954],[-95.25630118792276,38.956442476011446],[-95.25629054527663,38.95647175002494],[-95.256333677562,38.95648130889418],[-95.25633047673392,38.95649011380013],[-95.25632540249627,38.956488988860386],[-95.25632476278473,38.95649075003251],[-95.25637381390794,38.95650162053889],[-95.25636845251415,38.956516368352155],[-95.25635182102677,38.956512681722906],[-95.25633397679344,38.95656176723644],[-95.25633623241634,38.95656226671835],[-95.25633767203017,38.95655830476306],[-95.25635656030379,38.956562490903146],[-95.25634271798414,38.956600569854885],[-95.25634497245512,38.956601069309336],[-95.25634641322249,38.95659710738123],[-95.25635768896714,38.956599606535484],[-95.25634544644588,38.956633283920915],[-95.25638294040174,38.956641592730314],[-95.25638518106904,38.95663543001828],[-95.25639645797438,38.95663792919604],[-95.256395817145,38.95663968944086],[-95.25639807273589,38.956640189822],[-95.25639871244694,38.95663842864947],[-95.25640998935319,38.95664092782591]]]},"properties":{"SDE.FloorAll.FLOORLOCATION":"4"}},{"type":"Feature","geometry":{"type":"Polygon","coordinates":[[[-95.25640998935319,38.95664092782591],[-95.25640774868788,38.95664709053839],[-95.25644524262339,38.95665540022805],[-95.25645748510087,38.95662172283209],[-95.2564687608534,38.95662422197553],[-95.25646732124554,38.95662818393242],[-95.2564695756834,38.956628684284894],[-95.25648341912834,38.95659060444497],[-95.25650230626606,38.956594790534005],[-95.25649654553733,38.95661063830867],[-95.2565591292704,38.956624508282445],[-95.25655976897731,38.956622747109044],[-95.2565546947265,38.95662162217937],[-95.25656005605448,38.956606875258],[-95.25660882577789,38.956617683127824],[-95.25660946544855,38.956615922854574],[-95.25660439119746,38.95661479792706],[-95.25660759196217,38.9566059939141],[-95.25665100592379,38.95661561430175],[-95.25666164844233,38.9565863402555],[-95.25665375438058,38.956584590753735],[-95.25665695517267,38.956575785838986],[-95.25665921076337,38.95657628621507],[-95.25665985046739,38.95657452504109],[-95.25665759599497,38.9565740255927],[-95.25666079563292,38.956565220650575],[-95.25666868969266,38.95656697015186],[-95.25667933107835,38.956537695176216],[-95.25663591719568,38.9565280738987],[-95.25663911795253,38.956519269884815],[-95.25664419223226,38.95652039391039],[-95.25664483305437,38.956518633664174],[-95.25659606227549,38.95650782488171],[-95.2566014235862,38.9564930779583],[-95.25660649786346,38.9564942019855],[-95.25660713868628,38.95649244173949],[-95.2565301780064,38.956475385538795],[-95.25653785895273,38.956454255170016],[-95.25658662856749,38.956465063049365],[-95.25658726942548,38.95646330190307],[-95.2565821951507,38.95646217787496],[-95.25658539479302,38.956453372934845],[-95.25662880862298,38.95646299423131],[-95.25663945116268,38.9564337192863],[-95.25663155708358,38.95643197068343],[-95.25663475787152,38.95642316576921],[-95.25663701349214,38.956423665245275],[-95.25663765316038,38.95642190497179],[-95.25663539872792,38.95642140462263],[-95.25663859948003,38.95641260060866],[-95.25664649236896,38.95641435008419],[-95.25665713374087,38.95638507511016],[-95.25661372110808,38.956375453851585],[-95.25661692074257,38.95636664891047],[-95.25662199497606,38.956367773837464],[-95.25662263583227,38.95636601269096],[-95.25657386628033,38.95635520482666],[-95.25657922646583,38.95634045697639],[-95.25659585907775,38.9563441436004],[-95.25661362294557,38.95629527875175],[-95.25661136732921,38.95629477927519],[-95.25660992658287,38.95629874120672],[-95.25659103951793,38.95629455513509],[-95.25660488164392,38.956256476152774],[-95.25660262721699,38.95625597580291],[-95.25660118647099,38.956259937734295],[-95.25658990961874,38.95625743857642],[-95.25660223205226,38.956223541358426],[-95.2565647382924,38.95621523261966],[-95.25656249880717,38.95622139536262],[-95.2565512219275,38.95621889710135],[-95.25655186278414,38.9562171359552],[-95.25654960720564,38.95621663557704],[-95.25654896750213,38.95621839675047],[-95.25653769065835,38.95621589758748],[-95.2565399312987,38.95620973487225],[-95.25650243758842,38.95620142521292],[-95.25649011511089,38.95623532242033],[-95.25647883941967,38.9562328232789],[-95.2564802790188,38.95622886132173],[-95.25647802455869,38.95622836186987],[-95.25646418121664,38.95626644080987],[-95.25644529413401,38.95626225561487],[-95.25645113497512,38.95624618713636],[-95.25638827004836,38.95623225546688],[-95.25638762922244,38.95623401571171],[-95.25639270344281,38.9562351406487],[-95.25638734326131,38.956249887590104],[-95.25633857267225,38.9562390795995],[-95.25633793296328,38.95624084077177],[-95.25634300721822,38.956241964810545],[-95.25633980640217,38.95625076971687],[-95.25629667540979,38.956241210876996],[-95.25628603275712,38.95627048579098],[-95.25629392565642,38.956272234390084],[-95.25629072598603,38.95628103932239],[-95.25628847037241,38.9562805398395],[-95.25628783069682,38.956282300111106],[-95.25629008512232,38.95628280046702],[-95.25628688433277,38.95629160447145],[-95.25627899146636,38.956289854971445],[-95.25626834879905,38.9563191298837],[-95.25631148098832,38.95632868876133],[-95.2563082801644,38.95633749366671],[-95.25630320593802,38.956336368726035],[-95.25630256622733,38.95633812989807],[-95.25635133572604,38.95634893787642],[-95.25634597433914,38.956363685688835],[-95.25634090011033,38.956362560749824],[-95.25634026040034,38.956364321922074],[-95.25641750246388,38.9563814398859],[-95.25640982145453,38.956402571147215],[-95.25636076927623,38.956391699728314],[-95.25636012956647,38.95639346090067],[-95.25636548534816,38.95639464747592],[-95.25636228452798,38.9564034523828],[-95.25631887077081,38.956393830986514],[-95.25630822925758,38.956423105929446],[-95.25631612213954,38.95642485542745],[-95.25631292134678,38.95643365943253],[-95.25631066688132,38.9564331599774],[-95.25631002605166,38.95643492022177],[-95.2563122816354,38.9564354206046],[-95.2563090808417,38.95644422460954],[-95.25630118792276,38.956442476011446],[-95.25629054527663,38.95647175002494],[-95.256333677562,38.95648130889418],[-95.25633047673392,38.95649011380013],[-95.25632540249627,38.956488988860386],[-95.25632476278473,38.95649075003251],[-95.25637381390794,38.95650162053889],[-95.25636845251415,38.956516368352155],[-95.25635182102677,38.956512681722906],[-95.25633397679344,38.95656176723644],[-95.25633623241634,38.95656226671835],[-95.25633767203017,38.95655830476306],[-95.25635656030379,38.956562490903146],[-95.25634271798414,38.956600569854885],[-95.25634497245512,38.956601069309336],[-95.25634641322249,38.95659710738123],[-95.25635768896714,38.956599606535484],[-95.25634544644588,38.956633283920915],[-95.25638294040174,38.956641592730314],[-95.25638518106904,38.95663543001828],[-95.25639645797438,38.95663792919604],[-95.256395817145,38.95663968944086],[-95.25639807273589,38.956640189822],[-95.25639871244694,38.95663842864947],[-95.25640998935319,38.95664092782591]]]},"properties":{"SDE.FloorAll.FLOORLOCATION":"5"}},{"type":"Feature","geometry":{"type":"Polygon","coordinates":[[[-95.25640998935319,38.95664092782591],[-95.25640774868788,38.95664709053839],[-95.25644524262339,38.95665540022805],[-95.25645748510087,38.95662172283209],[-95.2564687608534,38.95662422197553],[-95.25646732124554,38.95662818393242],[-95.2564695756834,38.956628684284894],[-95.25648341912834,38.95659060444497],[-95.25650230626606,38.956594790534005],[-95.25649654553733,38.95661063830867],[-95.2565591292704,38.956624508282445],[-95.25655976897731,38.956622747109044],[-95.2565546947265,38.95662162217937],[-95.25656005605448,38.956606875258],[-95.25660882577789,38.956617683127824],[-95.25660946544855,38.956615922854574],[-95.25660439119746,38.95661479792706],[-95.25660759196217,38.9566059939141],[-95.25665100592379,38.95661561430175],[-95.25666164844233,38.9565863402555],[-95.25665375438058,38.956584590753735],[-95.25665695517267,38.956575785838986],[-95.25665921076337,38.95657628621507],[-95.25665985046739,38.95657452504109],[-95.25665759599497,38.9565740255927],[-95.25666079563292,38.956565220650575],[-95.25666868969266,38.95656697015186],[-95.25667933107835,38.956537695176216],[-95.25663591719568,38.9565280738987],[-95.25663911795253,38.956519269884815],[-95.25664419223226,38.95652039391039],[-95.25664483305437,38.956518633664174],[-95.25659606227549,38.95650782488171],[-95.2566014235862,38.9564930779583],[-95.25660649786346,38.9564942019855],[-95.25660713868628,38.95649244173949],[-95.2565301780064,38.956475385538795],[-95.25653785895273,38.956454255170016],[-95.25658662856749,38.956465063049365],[-95.25658726942548,38.95646330190307],[-95.2565821951507,38.95646217787496],[-95.25658539479302,38.956453372934845],[-95.25662880862298,38.95646299423131],[-95.25663945116268,38.9564337192863],[-95.25663155708358,38.95643197068343],[-95.25663475787152,38.95642316576921],[-95.25663701349214,38.956423665245275],[-95.25663765316038,38.95642190497179],[-95.25663539872792,38.95642140462263],[-95.25663859948003,38.95641260060866],[-95.25664649236896,38.95641435008419],[-95.25665713374087,38.95638507511016],[-95.25661372110808,38.956375453851585],[-95.25661692074257,38.95636664891047],[-95.25662199497606,38.956367773837464],[-95.25662263583227,38.95636601269096],[-95.25657386628033,38.95635520482666],[-95.25657922646583,38.95634045697639],[-95.25659585907775,38.9563441436004],[-95.25661362294557,38.95629527875175],[-95.25661136732921,38.95629477927519],[-95.25660992658287,38.95629874120672],[-95.25659103951793,38.95629455513509],[-95.25660488164392,38.956256476152774],[-95.25660262721699,38.95625597580291],[-95.25660118647099,38.956259937734295],[-95.25658990961874,38.95625743857642],[-95.25660223205226,38.956223541358426],[-95.2565647382924,38.95621523261966],[-95.25656249880717,38.95622139536262],[-95.2565512219275,38.95621889710135],[-95.25655186278414,38.9562171359552],[-95.25654960720564,38.95621663557704],[-95.25654896750213,38.95621839675047],[-95.25653769065835,38.95621589758748],[-95.2565399312987,38.95620973487225],[-95.25650243758842,38.95620142521292],[-95.25649011511089,38.95623532242033],[-95.25647883941967,38.9562328232789],[-95.2564802790188,38.95622886132173],[-95.25647802455869,38.95622836186987],[-95.25646418121664,38.95626644080987],[-95.25644529413401,38.95626225561487],[-95.25645113497512,38.95624618713636],[-95.25638827004836,38.95623225546688],[-95.25638762922244,38.95623401571171],[-95.25639270344281,38.9562351406487],[-95.25638734326131,38.956249887590104],[-95.25633857267225,38.9562390795995],[-95.25633793296328,38.95624084077177],[-95.25634300721822,38.956241964810545],[-95.25633980640217,38.95625076971687],[-95.25629667540979,38.956241210876996],[-95.25628603275712,38.95627048579098],[-95.25629392565642,38.956272234390084],[-95.25629072598603,38.95628103932239],[-95.25628847037241,38.9562805398395],[-95.25628783069682,38.956282300111106],[-95.25629008512232,38.95628280046702],[-95.25628688433277,38.95629160447145],[-95.25627899146636,38.956289854971445],[-95.25626834879905,38.9563191298837],[-95.25631148098832,38.95632868876133],[-95.2563082801644,38.95633749366671],[-95.25630320593802,38.956336368726035],[-95.25630256622733,38.95633812989807],[-95.25635133572604,38.95634893787642],[-95.25634597433914,38.956363685688835],[-95.25634090011033,38.956362560749824],[-95.25634026040034,38.956364321922074],[-95.25641750246388,38.9563814398859],[-95.25640982145453,38.956402571147215],[-95.25636076927623,38.956391699728314],[-95.25636012956647,38.95639346090067],[-95.25636548534816,38.95639464747592],[-95.25636228452798,38.9564034523828],[-95.25631887077081,38.956393830986514],[-95.25630822925758,38.956423105929446],[-95.25631612213954,38.95642485542745],[-95.25631292134678,38.95643365943253],[-95.25631066688132,38.9564331599774],[-95.25631002605166,38.95643492022177],[-95.2563122816354,38.9564354206046],[-95.2563090808417,38.95644422460954],[-95.25630118792276,38.956442476011446],[-95.25629054527663,38.95647175002494],[-95.256333677562,38.95648130889418],[-95.25633047673392,38.95649011380013],[-95.25632540249627,38.956488988860386],[-95.25632476278473,38.95649075003251],[-95.25637381390794,38.95650162053889],[-95.25636845251415,38.956516368352155],[-95.25635182102677,38.956512681722906],[-95.25633397679344,38.95656176723644],[-95.25633623241634,38.95656226671835],[-95.25633767203017,38.95655830476306],[-95.25635656030379,38.956562490903146],[-95.25634271798414,38.956600569854885],[-95.25634497245512,38.956601069309336],[-95.25634641322249,38.95659710738123],[-95.25635768896714,38.956599606535484],[-95.25634544644588,38.956633283920915],[-95.25638294040174,38.956641592730314],[-95.25638518106904,38.95663543001828],[-95.25639645797438,38.95663792919604],[-95.256395817145,38.95663968944086],[-95.25639807273589,38.956640189822],[-95.25639871244694,38.95663842864947],[-95.25640998935319,38.95664092782591]]]},"properties":{"SDE.FloorAll.FLOORLOCATION":"6"}},{"type":"Feature","geometry":{"type":"Polygon","coordinates":[[[-95.25641006944811,38.956640708020366],[-95.25640782878277,38.95664687073289],[-95.2564453227531,38.956655179522116],[-95.25645756519562,38.95662150302657],[-95.25646884094809,38.95662400216995],[-95.25646740134026,38.95662796412688],[-95.256469655813,38.95662846357894],[-95.25648333899883,38.956590825150904],[-95.25650222617153,38.95659501033959],[-95.25649654553733,38.95661063830867],[-95.25655997497304,38.956624695920766],[-95.25656061467998,38.95662293474737],[-95.2565555404291,38.956621809817726],[-95.25656090175691,38.956607062896325],[-95.2566091084476,38.95661774569202],[-95.2566097481532,38.95661598451835],[-95.25660467386713,38.95661486049127],[-95.25660787466676,38.9566060555779],[-95.25665100592379,38.95661561430175],[-95.25666164844233,38.9565863402555],[-95.25665375438058,38.956584590753735],[-95.25666079563292,38.956565220650575],[-95.25666868969266,38.95656697015186],[-95.25667933107835,38.956537695176216],[-95.25663619986503,38.9565281364628],[-95.25663940062185,38.95651933244892],[-95.25664447490159,38.95652045647448],[-95.25664511457047,38.95651869620101],[-95.25659690797688,38.95650801251976],[-95.2566022693224,38.95649326469591],[-95.25660734356472,38.9564943896235],[-95.25660798442249,38.95649262847709],[-95.25654680952927,38.956479071242065],[-95.25653102370718,38.956475573177336],[-95.25653870468824,38.956454441908114],[-95.25658691123655,38.95646512561359],[-95.25658755094132,38.95646336444003],[-95.25658247666658,38.95646224041195],[-95.25658567746206,38.95645343549905],[-95.25662880862298,38.95646299423131],[-95.25663945116268,38.9564337192863],[-95.25663155711852,38.95643196978307],[-95.25663859948003,38.95641260060866],[-95.25664649236896,38.95641435008419],[-95.2566571348941,38.956385075137455],[-95.25661400262366,38.95637551638842],[-95.25661720341128,38.95636671147464],[-95.25662227764477,38.95636783640157],[-95.25662291734777,38.95636607522778],[-95.25657471197981,38.956355392464886],[-95.25658007216519,38.95634064461458],[-95.25659585907775,38.9563441436004],[-95.25661386326209,38.95629461843438],[-95.25661160768074,38.95629411805742],[-95.25661016689948,38.95629808088935],[-95.25659127983465,38.95629389481775],[-95.25660496177275,38.95625625544666],[-95.25660270615771,38.95625575596996],[-95.25660126656489,38.95625971792865],[-95.25658998971267,38.95625721877076],[-95.25660223205226,38.956223541358426],[-95.25656473944555,38.95621523264697],[-95.25656249880717,38.95622139536262],[-95.25653769065835,38.95621589758748],[-95.2565399312987,38.95620973487225],[-95.25650243758842,38.95620142521292],[-95.25649019520505,38.95623510261477],[-95.25647891951385,38.95623260347336],[-95.25648035911298,38.95622864151614],[-95.25647810349976,38.95622814203703],[-95.2564644215345,38.956265780492785],[-95.25644553329883,38.956261595270576],[-95.25645121506942,38.95624596733083],[-95.25638778599506,38.95623190965884],[-95.25638714628737,38.956233670831324],[-95.2563922205077,38.95623479576836],[-95.25638685917295,38.95624954268243],[-95.25633865276687,38.956238859794034],[-95.2563380130929,38.9562406200659],[-95.2563430873129,38.95624174500506],[-95.25633988653176,38.956250549010996],[-95.2562967555395,38.956240990171125],[-95.2562861128869,38.95627026508515],[-95.25629400575129,38.956272014584705],[-95.25628696442762,38.95629138466605],[-95.25627907156128,38.956289635166044],[-95.25626842889405,38.95631891007828],[-95.25631156108318,38.95632846895587],[-95.25630836029418,38.956337272960866],[-95.2563032860329,38.95633614892058],[-95.25630264635718,38.95633790919224],[-95.25635085163717,38.95634859296862],[-95.25634549143832,38.956363339907924],[-95.25634041717458,38.956362215869255],[-95.25634009672554,38.95636309689194],[-95.25633501676592,38.9563619709158],[-95.25633085700692,38.95637341624313],[-95.25632669605844,38.95638486244345],[-95.25632317481937,38.95639454747144],[-95.25631895086572,38.95639361118104],[-95.2563083093525,38.95642288612398],[-95.25631620226943,38.95642463472159],[-95.25630916093665,38.95644400480406],[-95.25630126805274,38.956442255305575],[-95.25629062537166,38.95647153021952],[-95.25633375765696,38.95648108908877],[-95.25633055686382,38.956489893094215],[-95.25632548259127,38.956488769054914],[-95.25632484287974,38.95649053022706],[-95.2563730483021,38.95650121309371],[-95.25636768690816,38.956515960906955],[-95.25635190112172,38.95651246191745],[-95.25633389669842,38.956561987041916],[-95.25633615232128,38.956562486523815],[-95.25633759308835,38.95655852459582],[-95.25635648020884,38.95656271070862],[-95.25634279807917,38.9566003500494],[-95.2563450525502,38.956600849503886],[-95.2563464933175,38.956596887575756],[-95.25635776906212,38.95659938672998],[-95.25634552657594,38.95663306321505],[-95.25638302049667,38.95664137292483],[-95.25638526119896,38.95663520931241],[-95.25641006944811,38.956640708020366]]]},"properties":{"SDE.FloorAll.FLOORLOCATION":"ROOF"}}]}
